geo_loc_name,instrument_model,library_selection,library_strategy
Papua New Guinea,minION,RANDOM,AMPLICON
Cambodia,gridION,PCR,WGS
Kazakhstan,promethION,RANDOM PCR,WGA
Paraguay,454 GS,RT-PCR,POOLCLONE
Syria,454 GS 20,HMPR,CLONE
Bahamas,454 GS FLX,MF,CLONEEND
Solomon Islands,454 GS FLX +,repeat fraction,WCS
Montserrat,454 GS FLX Titanium,size fraction,WXS
Mali,454 GS Junior,MSLL,RNA-Seq
Marshall Islands,Illumina Genome Analyzer,cDNA,ChIP-Seq
Guadeloupe,Illumina Genome Analyzer II,ChIP,MRE-Seq
Panama,Illumina Genome Analyzer IIx,MNase,MeDIP-Seq
Laos,Illumina HiSeq 1000,DNase,MBD-Seq
Argentina,Illumina HiSeq 1500,Hybrid Selection,Mnase-Seq
Virgin Islands,Illumina HiSeq 2000,Reduced Representation,Dnase-Hypersensitivity
Seychelles,Illumina HiSeq 2500,Restriction Digest,Bisulfite-Seq
Belize,Illumina HiSeq 3000,5-methylcytidine antibody,EST
Zambia,Illumina HiSeq 4000,MBD2 protein methyl-CpG binding domain,FL-cDNA
Bahrain,Illumina HiScanSQ,CAGE,miRNA-Seq
Guinea-Bissau,Illumina NesxtSeq 500,RAGE,ncRNA-Seq
Namibia,Illumina NesxtSeq 550,MDA,FINISHING
Comoros,Illumina NovaSeq 6000,padlock probes capture method,CTS
Faroe Islands,Illumina HiSeq X Five,Oligo-dT,Tn-Seq
Finland,Illumina HiSeq X Ten,Inverse rRNA selection,VALIDATION
Arctic Ocean,Illumina MiSeq,ChIp-Seq,FAIRE-seq
Georgia,Illumina MiniSeq,,SELEX
Saint Kitts and Nevis,AB SOLiD System,other,RIP-Seq
Yemen,AB SOLiD System 2.0,unspecified,ChIA-PET
Eritrea,AB SOLiD System 3.0,,RAD-Seq
Puerto Rico,AB SOLiD 3 Plus System,,ssRNA-seq
Viet Nam,AB SOLiD 4 System,,miRNA-Seq
Aruba,AB SOLiD 4hq System,,ncRNA-Seq
Madagascar,AB SOLiD 4 PI System,,
Libya,AB 5500 Genetic Analyzer,,
South Georgia and the South Sandwich Islands,AB 5500xl Genetic Analyzer,,
Sweden,AB 5500xl-W Genetic Analysis System,,
Tromelin Island,Ion Torrent PMG,,
West Bank,Ion Torrent Proton,,
Malawi,Ion Torrent S5,,
Andorra,Ion Torrent S5 XL,,
Liechtenstein,Pac Bio RS,,
Poland,Pac Bio RS II,,
Svalbard,Sequel,,
Kingman Reef,AB 3730xL Genetic Analyzer,,
Bulgaria,AB 3730 Genetic Analyzer,,
Jordan,AB 3500 Genetic Analyzer,,
Mediterranean Sea,AB 3130xL Genetic Analyzer,,
Tunisia,AB 3130 Genetic Analyzer,,
not applicable,AB 310 Genetic Analyzer,,
Tuvalu,BGISEQ-500,,
United Arab Emirates,,,
Kenya,,,
French Polynesia,,,
Brunei,,,
Djibouti,,,
Lebanon,,,
Azerbaijan,,,
Cuba,,,
Czech Republic,,,
Mauritania,,,
Saint Lucia,,,
Guernsey,,,
Mayotte,,,
Coral Sea Islands,,,
Israel,,,
San Marino,,,
Australia,,,
Tajikistan,,,
Myanmar,,,
Cameroon,,,
Gibraltar,,,
Cyprus,,,
Northern Mariana Islands,,,
Malaysia,,,
Iceland,,,
Oman,,,
Armenia,,,
Gabon,,,
Luxembourg,,,
Brazil,,,
Turks and Caicos Islands,,,
Algeria,,,
Jersey,,,
Slovenia,,,
Republic of the Congo,,,
Antigua and Barbuda,,,
Colombia,,,
Ecuador,,,
Indian Ocean,,,
Moldova,,,
Vanuatu,,,
Cocos Islands,,,
Honduras,,,
Italy,,,
Antarctica,,,
Nauru,,,
Haiti,,,
Afghanistan,,,
Burundi,,,
Navassa Island,,,
Singapore,,,
French Guiana,,,
American Samoa,,,
Christmas Island,,,
Russia,,,
Baker Island,,,
Netherlands,,,
Clipperton Island,,,
China,,,
Martinique,,,
Sint Maarten,,,
Saint Pierre and Miquelon,,,
Kyrgyzstan,,,
French Southern and Antarctic Lands,,,
Reunion,,,
Bhutan,,,
Romania,,,
Togo,,,
Philippines,,,
Cote d'Ivoire,,,
Southern Ocean,,,
not provided,,,
Uzbekistan,,,
British Virgin Islands,,,
Midway Islands,,,
Zimbabwe,,,
Pacific Ocean,,,
Montenegro,,,
Bassas da India,,,
Dominica,,,
Indonesia,,,
Benin,,,
Angola,,,
East Timor,,,
Sudan,,,
Glorioso Islands,,,
Portugal,,,
New Caledonia,,,
Grenada,,,
North Korea,,,
Cayman Islands,,,
Greece,,,
Latvia,,,
Mongolia,,,
Iran,,,
Morocco,,,
Johnston Atoll,,,
Guatemala,,,
Guyana,,,
Iraq,,,
Chile,,,
Nepal,,,
Spratly Islands,,,
Borneo,,,
Heard Island and McDonald Islands,,,
Isle of Man,,,
Tanzania,,,
Ukraine,,,
Ghana,,,
Anguilla,,,
India,,,
Canada,,,
Maldives,,,
Turkey,,,
Belgium,,,
Taiwan,,,
South Africa,,,
Trinidad and Tobago,,,
Bermuda,,,
Central African Republic,,,
Democratic Republic of the Congo,,,
Jamaica,,,
Peru,,,
Turkmenistan,,,
Germany,,,
Fiji,,,
Tokelau,,,
Hong Kong,,,
Guinea,,,
Atlantic Ocean,,,
Chad,,,
Jan Mayen,,,
Somalia,,,
Sao Tome and Principe,,,
Pitcairn Islands,,,
Thailand,,,
Equatorial Guinea,,,
Kiribati,,,
Costa Rica,,,
Falkland Islands (Islas Malvinas),,,
not collected,,,
Kuwait,,,
Nigeria,,,
Croatia,,,
USA,,,
Cook Islands,,,
Sri Lanka,,,
Uruguay,,,
United Kingdom,,,
Switzerland,,,
Samoa,,,
Spain,,,
Palmyra Atoll,,,
Liberia,,,
Venezuela,,,
Burkina Faso,,,
Swaziland,,,
Palau,,,
Estonia,,,
Gaza Strip,,,
Juan de Nova Island,,,
Europa Island,,,
Jarvis Island,,,
Howland Island,,,
Wallis and Futuna,,,
Niue,,,
Austria,,,
South Korea,,,
Mozambique,,,
El Salvador,,,
Monaco,,,
Guam,,,
Kerguelen Archipelago,,,
Ross Sea,,,
Lesotho,,,
Tonga,,,
Western Sahara,,,
Hungary,,,
Japan,,,
Belarus,,,
Curacao,,,
Mauritius,,,
Bouvet Island,,,
Albania,,,
Norfolk Island,,,
New Zealand,,,
Senegal,,,
Macedonia,,,
Ashmore and Cartier Islands,,,
Ethiopia,,,
Paracel Islands,,,
Egypt,,,
Macau,,,
North Sea,,,
Sierra Leone,,,
Bolivia,,,
Baltic Sea,,,
Malta,,,
Wake Island,,,
Saudi Arabia,,,
Cape Verde,,,
Pakistan,,,
Kosovo,,,
Gambia,,,
Ireland,,,
Qatar,,,
Slovakia,,,
France,,,
Lithuania,,,
Serbia,,,
Bosnia and Herzegovina,,,
restricted access,,,
Niger,,,
Rwanda,,,
Bangladesh,,,
Barbados,,,
Nicaragua,,,
Norway,,,
Botswana,,,
Saint Vincent and the Grenadines,,,
Denmark,,,
Dominican Republic,,,
Mexico,,,
Uganda,,,
Micronesia,,,
Suriname,,,
Tasman Sea,,,
Greenland,,,
Saint Helena,,,