name,name_variant_ENA,corresponding_DwC,name_origin,MIxS_section,DwC_section,expected_unit,synonyms,definition,emof,polaaar_template,core,air,built_environment,host_associated,human_associated,human_gut,human_oral,human_skin,human_vaginal,microbial_mat_biofilm,miscellaneous_natural_or_artificial_environment,plant_associated,sediment,soil,wastewater_sludge,water
library_source,library source,,INSDC,miscellaneous,miscellaneous,alphanumeric,library_source,"The type of study, either genomic, metagenomic, transcriptomic, metatranscriptomic, viral RNA, synthetic or other.",0,0,0,0,0,0,0,0,0,0,0,0,0,0,0,0,0,0
library_layout,library layout,,INSDC,miscellaneous,miscellaneous,alphanumeric,library_layout,Type of library layout for sequencing: either paired end or single end,0,0,0,0,0,0,0,0,0,0,0,0,0,0,0,0,0,0
insert_size,insert size,,INSDC,miscellaneous,miscellaneous,alphanumeric,insert_size,The number of bases per read sequenced,0,0,0,0,0,0,0,0,0,0,0,0,0,0,0,0,0,0
collection_date,collection date,eventDate,MIxS,environment,miscellaneous,UTC,collection_date;colection_date;event_date_Time;date,The time of sampling; either as an instance (single point in time) or interval. In case no exact time is available; the date/time can be right truncated i.e. all of these are valid times: 2008-01-23T19:23:10+00:00; 2008-01-23T19:23:10; 2008-01-23; 2008-01; 2008; Except: 2008-01; 2008 all are ISO8601 compliant,0,2,2,0,0,0,0,0,0,0,0,0,0,0,0,0,0,0
env_biome,environment (biome),habitat,MIxS,environment,miscellaneous,alphanumeric,env_biome;environment_biome;biome,Biomes are defined based on factors such as plant structures; leaf types; plant spacing; and other factors like climate. Biome should be treated as the descriptor of the broad ecological context of a sample. Examples include: desert; taiga; deciduous woodland; or coral reef. EnvO (v 2013-06-14) terms can be found via the link: www.environmentontology.org/Browse-EnvO,0,2,2,0,0,0,0,0,0,0,0,0,0,0,0,0,0,0
env_feature,environment (feature),,MIxS,environment,miscellaneous,alphanumeric,env_feature;environment_feature;environment_featurael;feature,Environmental feature level includes geographic environmental features. Compared to biome; feature is a descriptor of the more local environment. Examples include: harbor; cliff; or lake. EnvO (v 2013-06-14) terms can be found via the link: www.environmentontology.org/Browse-EnvO,0,2,2,0,0,0,0,0,0,0,0,0,0,0,0,0,0,0
env_material,environment (material),,MIxS,environment,miscellaneous,alphanumeric,env_material;environment_material;material;isolation_source,The environmental material level refers to the material that was displaced by the sample; or material in which a sample was embedded; prior to the sampling event. Environmental material terms are generally mass nouns. Examples include: air; soil; or water. EnvO (v 2013-06-14) terms can be found via the link: www.environmentontology.org/Browse-EnvO,0,2,2,0,0,0,0,0,0,0,0,0,0,0,0,0,0,0
geo_loc_name,geographic location (country and/or sea),,MIxS,environment,miscellaneous,alphanumeric,geo_loc_name;geographic_location_country_and_or_sea;geographic_location_country_and_or_sea_region,The geographical origin of the sample as defined by the country or sea name followed by specific region name. Country or sea names should be chosen from the INSDC country list (http://insdc.org/country.html); or the GAZ ontology (v 1.512) (http://purl.bioontology.org/ontology/GAZ),0,2,2,0,0,0,0,0,0,0,0,0,0,0,0,0,0,0
alt_elev,altitude elevation,,MIxS,environment,miscellaneous,meter,alt_elev;altitude_elevation,the vertical distance between Earth's surface above sea level and the sampled position in the air,0,1,1,0,0,0,0,0,0,0,0,0,0,0,0,0,0,0
depth,depth,maximumDepthInMeters,MIxS,environment,miscellaneous,meter,depth;geographic_location_depth;maximumdepthinmeters;minimumdepthinmeters;depth_m,depth is defined as the vertical distance below local surface; e.g. for sediment or soil samples depth is measured from sediment or soil surface; respectivly. Depth can be reported as an interval for subsurface samples,0,1,1,0,0,1,0,0,0,0,0,2,1,1,2,2,1,2
lat_lon,geographic location (latitude and longitude),,MIxS,environment,miscellaneous,decimalCoordinates,lat_lon;geographic_location_latitude_and_longitude;latitude_and_longitude,The geographical origin of the sample as defined by latitude and longitude. The values should be reported in decimal degrees and in WGS84 system,0,1,2,0,0,0,0,0,0,0,0,0,0,0,0,0,0,0
project_name,project name,datasetName,MIxS,investigation,miscellaneous,alphanumeric,project_name;datasetname,The geographical origin of the sample as defined by the country or sea name followed by specific region name. Country or sea names should be chosen from the INSDC country list (http://insdc.org/country.html); or the GAZ ontology (v 1.512) (http://purl.bioontology.org/ontology/GAZ),0,2,2,0,0,0,0,0,0,0,0,0,0,0,0,0,0,0
experimental_factor,experimental factor,,MIxS,investigation,miscellaneous,alphanumeric,experimental_factor;treatment,Experimental factors are essentially the variable aspects of an experiment design which can be used to describe an experiment; or set of experiments; in an increasingly detailed manner. This field accepts ontology terms from Experimental Factor Ontology (EFO) and/or Ontology for Biomedical Investigations (OBI). For a browser of EFO (v 2.43) terms; please see http://purl.bioontology.org/ontology/EFO; for a browser of OBI (v 2013-10-25) terms please see http://purl.bioontology.org/ontology/OBI,0,1,1,0,0,0,0,0,0,0,0,0,0,0,0,0,0,0
investigation_type,investigation type,,MIxS,investigation,miscellaneous,alphanumeric,investigation_type;librarystrategy,Nucleic Acid Sequence Report is the root element of all MIGS/MIMS compliant reports as standardized by Genomic Standards Consortium. This field is either eukaryote;bacteria;virus;plasmid;organelle; metagenome;mimarks-survey; or mimarks-specimen,0,1,2,0,0,0,0,0,0,0,0,0,0,0,0,0,0,0
submitted_to_insdc,submitted to insdc,,MIxS,investigation,miscellaneous,boolean,submitted_to_insdc,Depending on the study (large-scale e.g. done with next generation sequencing technology; or small-scale) sequences have to be submitted to SRA (Sequence Read Archive); DRA (DDBJ Read Archive) or via the classical Webin/Sequin systems to Genbank; ENA and DDBJ. Although this field is mandatory; it is meant as a self-test field; therefore it is not necessary to include this field in contextual data submitted to databases,0,1,1,0,0,0,0,0,0,0,0,0,0,0,0,0,0,0
env_package,environmental package,,MIxS,migs_mims_mimarks_extension,miscellaneous,alphanumeric,env_package;enviornmental_package;package;ena_checklist,MIGS/MIMS/MIMARKS extension for reporting of measurements and observations obtained from one or more of the environments where the sample was obtained. All environmental packages listed here are further defined in separate subtables. By giving the name of the environmental package; a selection of fields can be made from the subtables and can be reported,0,2,2,0,0,0,0,0,0,0,0,0,0,0,0,0,0,0
sample_name,,,miscellaneous,miscellaneous,miscellaneous,alphanumeric,sample_name;name,A unique name (identifier) for a sample,0,2,0,0,0,0,0,0,0,0,0,0,0,0,0,0,0,0
decimalLatitude,geographic location (latitude),decimalLatitude,DwC,miscellaneous,Location,decimalCoordinates,latitude;decimallatitude;decimal_latitude;latitude_end;geographic_location_latitude;lat,The geographic latitude (in decimal degrees; using the spatial reference system given in geodeticDatum) of the geographic center of a Location. Positive values are north of the Equator; negative values are south of it. Legal values lie between -90 and 90; inclusive. ,0,2,0,0,0,0,0,0,0,0,0,0,0,0,0,0,0,0
decimalLongitude,geographic location (longitude),decimalLongitude,DwC,miscellaneous,Location,decimalCoordinates,longitude;decimallongitude;decimal_longitude;longitude_end;geographic_location_longitude;lon;long,The geographic longitude (in decimal degrees; using the spatial reference system given in geodeticDatum) of the geographic center of a Location. Positive values are east of the Greenwich Meridian; negative values are west of it. Legal values lie between -180 and 180; inclusive. ,0,2,0,0,0,0,0,0,0,0,0,0,0,0,0,0,0,0
eventID,,eventID,DwC,miscellaneous,Event,alphanumeric,eventid;event;dwc_event,An identifier for the set of information associated with an Event (something that occurs at a place and time). May be a global unique identifier or an identifier specific to the data set. ,0,1,0,0,0,0,0,0,0,0,0,0,0,0,0,0,0,0
parentEventID,,parentEventID,DwC,miscellaneous,Event,alphanumeric,parenteventid;parentevent;parent_sample;parentsample,An event identifier for the super event which is composed of one or more sub-sampling events. The value must refer to an existing eventID. If the identifier is local it must exist within the given dataset. May be a globally unique identifier or an identifier specific to the data set. ,0,1,0,0,0,0,0,0,0,0,0,0,0,0,0,0,0,0
rightsHolder,,rightsHolder,DwC,miscellaneous,Properties,alphanumeric,rightsholder,A person or organization owning or managing rights over the resource ,0,1,0,0,0,0,0,0,0,0,0,0,0,0,0,0,0,0
bioproject,,,INSDC,miscellaneous,miscellaneous,alphanumeric,bioproject;sra_project_number,An assocated INSDC BioProject number.,0,2,0,0,0,0,0,0,0,0,0,0,0,0,0,0,0,0
biosample,,,INSDC,miscellaneous,miscellaneous,alphanumeric,biosample,An assocated INSDC BioSample number.,0,1,0,0,0,0,0,0,0,0,0,0,0,0,0,0,0,0
genbank_accession_numbers,,,INSDC,miscellaneous,miscellaneous,alphanumeric,genbank_accession_numbers,An assocated INSDC GenBank accession number.,0,1,0,0,0,0,0,0,0,0,0,0,0,0,0,0,0,0
ownerInstitutionCode,,ownerInstitutionCode,DwC,miscellaneous,RecordLevel,alphanumeric,institute;centername;ownerinstitutioncode;ownerinstitution,The name (or acronym) in use by the institution having ownership of the object(s) or information referred to in the record.,0,1,0,0,0,0,0,0,0,0,0,0,0,0,0,0,0,0
number_of_bases_predicted,,,INSDC,miscellaneous,miscellaneous,alphanumeric,number_of_bases_predicted;bases,The number of bases predicted in a sequenced sample,0,1,0,0,0,0,0,0,0,0,0,0,0,0,0,0,0,0
run_type,,,INSDC,miscellaneous,miscellaneous,alphanumeric,run_type;librarylayout,The type of sequencing run performed. E.g. Illumina MiSeq 250bp paired-end,0,1,0,0,0,0,0,0,0,0,0,0,0,0,0,0,0,0
sra_run_number,,,INSDC,miscellaneous,miscellaneous,alphanumeric,sra_run_number;run,An assocated INSDC run accession number. (ERR number),0,1,0,0,0,0,0,0,0,0,0,0,0,0,0,0,0,0
INSDC_SampleID,,associated_sequences,INSDC,miscellaneous,miscellaneous,alphanumeric,insdc_sampleid;sra_sample_accession_numbers;sample;associated_sequences;sra_number,An assocated INSDC sample accession number. (ERS number),0,2,0,0,0,0,0,0,0,0,0,0,0,0,0,0,0,0
sequence_data_repository,,,miscellaneous,miscellaneous,miscellaneous,alphanumeric,sequence_data_repository,the repository name where the sequences are stored and publicly accessible (e.g. ENA; SRA; VAMPS;...),0,1,0,0,0,0,0,0,0,0,0,0,0,0,0,0,0,0
eventRemarks,,eventRemarks,DwC,miscellaneous,Event,alphanumeric,eventremarks,Comments or notes about the Event. ,0,1,0,0,0,0,0,0,0,0,0,0,0,0,0,0,0,0
samplingProtocol,,samplingProtocol,DwC,miscellaneous,Event,alphanumeric,samplingProtocol,The name of; reference to; or description of the method or protocol used during an Event. ,0,1,0,0,0,0,0,0,0,0,0,0,0,0,0,0,0,0
scientificNameID,tax_id,scientificnameid;taxonid;taxid;tax_id,DwC,miscellaneous,Taxon,alphanumeric,taxid;scientificnameid,An identifier for the set of taxon information (data associated with the Taxon class). May be a global unique identifier or an identifier specific to the data set. ,0,1,0,0,0,0,0,0,0,0,0,0,0,0,0,0,0,0
organismQuantity,,organismQuantity,DwC,miscellaneous,Occurence,alphanumeric,organismquantity;bacteria_count;organism_count,A number or enumeration value for the quantity of organisms (or microorganism cells).,0,1,0,0,0,0,0,0,0,0,0,0,0,0,0,0,0,
organismQuantityType,,organismQuantityType,DwC,miscellaneous,Occurence,alphanumeric,organismquantitytype,The type of quantification system used for the quantity of organisms.,0,1,0,0,0,0,0,0,0,0,0,0,0,0,0,0,0,
collection_time,,,miscellaneous,miscellaneous,miscellaneous,UTC,collection_time,the exact time a sample was collected in the field,0,1,0,0,0,0,0,0,0,0,0,0,0,0,0,0,0,0
forward_primer,,,miscellaneous,miscellaneous,miscellaneous,alphanumeric,forward_primer,the forward primer name or identifier,0,1,0,0,0,0,0,0,0,0,0,0,0,0,0,0,0,0
forward_primer_sequence,,,miscellaneous,miscellaneous,miscellaneous,alphanumeric,forward_primer_sequence,the forward primer sequence (use capital letters; following the IUPAC code of DNA basepaire notations),0,1,0,0,0,0,0,0,0,0,0,0,0,0,0,0,0,0
reverse_primer,,,miscellaneous,miscellaneous,miscellaneous,alphanumeric,reverse_primer,the reverse primer name or identifier,0,1,0,0,0,0,0,0,0,0,0,0,0,0,0,0,0,0
reverse_primer_sequence,,,miscellaneous,miscellaneous,miscellaneous,alphanumeric,reverse_primer_sequence,the reverse primer sequence (use capital letters; following the IUPAC code of DNA basepaire notations),0,1,0,0,0,0,0,0,0,0,0,0,0,0,0,0,0,0
sample_description,sample_description,,miscellaneous,miscellaneous,miscellaneous,alphanumeric,sample_description;description,a description of the sample as it was taken from the natural environment,0,1,0,0,0,0,0,0,0,0,0,0,0,0,0,0,0,0
acceptedNameUsageID,,acceptedNameUsageID,DwC,miscellaneous,Taxon,alphanumeric,acceptednameusageid,The taxonID of the taxon considered to be the valid (zoological) or accepted (botanical) name for this nameUsage. If acceptedNameUsage is given; the scientificName of the nameUsage with taxonID=acceptedNameUsageID needs to be the same as acceptedNameUsage.,0,0,0,0,0,0,0,0,0,0,0,0,0,0,0,0,0,0
associatedReferences,,associatedreferences;references,DwC,miscellaneous,MaterialSample,alphanumeric,associatedreferences,A list (concatenated and separated) of identifiers (publication; bibliographic reference; global unique identifier; URI) of literature associated with the Occurrence. ,0,0,0,0,0,0,0,0,0,0,0,0,0,0,0,0,0,0
basisOfRecord,,basisOfRecord,DwC,miscellaneous,RecordLevel,alphanumeric,basisofrecord,The specific nature of the data record - a subtype of the dcterms:type. Recommended best practice is to use a controlled vocabulary such as the Darwin Core Type Vocabulary (http://rs.tdwg.org/dwc/terms/type-vocabulary/index.htm). ,0,0,0,0,0,0,0,0,0,0,0,0,0,0,0,0,0,0
catalogNumber,,catalogNumber,DwC,miscellaneous,Occurence,alphanumeric,catalognumber,An identifier (preferably unique) for the record within the data set or collection.,0,0,0,0,0,0,0,0,0,0,0,0,0,0,0,0,0,0
class,,class,DwC,miscellaneous,Taxon,alphanumeric,class,The full scientific name of the class in which the taxon is classified. ,0,0,0,0,0,0,0,0,0,0,0,0,0,0,0,0,0,0
family,,family,DwC,miscellaneous,Taxon,alphanumeric,family,The full scientific name of the family in which the taxon is classified. ,0,0,0,0,0,0,0,0,0,0,0,0,0,0,0,0,0,0
footprintWKT,,footprintWKT,DwC,miscellaneous,Location,alphanumeric,footprintWKT,A Well-Known Text (WKT) representation of the shape (footprint; geometry) that defines the Location. A Location may have both a point-radius representation (see decimalLatitude) and a footprint representation; and they may differ from each other. ,0,0,0,0,0,0,0,0,0,0,0,0,0,0,0,0,0,0
genus,,genus,DwC,miscellaneous,Taxon,alphanumeric,genus,The full scientific name of the genus in which the taxon is classified. ,0,0,0,0,0,0,0,0,0,0,0,0,0,0,0,0,0,0
higherClassification,,higherClassification,DwC,miscellaneous,Taxon,alphanumeric,higherclassification,"A list (concatenated and separated) of taxa names terminating at the rank immediately superior to the taxon referenced in the taxon record. Recommended best practice is to order the list starting with the highest rank and separating the names for each rank with a semi-colon ("";""). ",0,0,0,0,0,0,0,0,0,0,0,0,0,0,0,0,0,0
infraspecificEpithet,,infraspecificEpithet,DwC,miscellaneous,Taxon,alphanumeric,infraspecificepithet,The name of the lowest or terminal infraspecific epithet of the scientificName; excluding any rank designation. ,0,0,0,0,0,0,0,0,0,0,0,0,0,0,0,0,0,0
kingdom,,kingdom,DwC,miscellaneous,Taxon,alphanumeric,kingdom,The full scientific name of the kingdom in which the taxon is classified. ,0,0,0,0,0,0,0,0,0,0,0,0,0,0,0,0,0,0
license,,license,DwC,miscellaneous,RecordLevel,alphanumeric,license;lisence,A legal document giving official permission to do something with the resource. ,0,0,0,0,0,0,0,0,0,0,0,0,0,0,0,0,0,0
locality,,locality,DwC,miscellaneous,Location,alphanumeric,locality;geographic_location_region_and_locality;geo_loc_name_locality,The specific description of the place. Less specific geographic information can be provided in other geographic terms (higherGeography; continent; country; stateProvince; county; municipality; waterBody; island; islandGroup). This term may contain information modified from the original to correct perceived errors or standardize the description. ,0,0,0,0,0,0,0,0,0,0,0,0,0,0,0,0,0,0
nameAccordingTo,,nameAccordingTo,DwC,miscellaneous,Taxon,alphanumeric,nameaccordingto,"The reference to the source in which the specific taxon concept circumscription is defined or implied - traditionally signified by the Latin ""sensu"" or ""sec."" (from secundum; meaning ""according to""). For taxa that result from identifications; a reference to the keys; monographs; experts and other sources should be given. ",0,0,0,0,0,0,0,0,0,0,0,0,0,0,0,0,0,0
nameAccordingToID,,nameAccordingToID,DwC,miscellaneous,Taxon,alphanumeric,nameaccordingtoid,An identifier for the source in which the specific taxon concept circumscription is defined or implied. See nameAccordingTo. ,0,0,0,0,0,0,0,0,0,0,0,0,0,0,0,0,0,0
occurenceID,,occurenceID,DwC,miscellaneous,Occurence,alphanumeric,occurenceid,An identifier for the Occurrence (as opposed to a particular digital record of the occurrence). In the absence of a persistent global unique identifier; construct one from a combination of identifiers in the record that will most closely make the occurrenceID globally unique. ,0,0,0,0,0,0,0,0,0,0,0,0,0,0,0,0,0,0
order,,order,DwC,miscellaneous,Taxon,alphanumeric,order,The full scientific name of the order in which the taxon is classified. ,0,0,0,0,0,0,0,0,0,0,0,0,0,0,0,0,0,0
originalNameUsageID,,originalNameUsageID,DwC,miscellaneous,Taxon,alphanumeric,originalnameusageid,An identifier for the name usage (documented meaning of the name according to a source) in which the terminal element of the scientificName was originally established under the rules of the associated nomenclaturalCode. ,0,0,0,0,0,0,0,0,0,0,0,0,0,0,0,0,0,0
otherCatalogNumbers,,otherCatalogNumbers,DwC,miscellaneous,Occurence,alphanumeric,othercatalognumbers,A list (concatenated and separated) of previous or alternate fully qualified catalog numbers or other human-used identifiers for the same Occurrence; whether in the current or any other data set or collection. ,0,0,0,0,0,0,0,0,0,0,0,0,0,0,0,0,0,0
parentNameUsageID,,parentNameUsageID,DwC,miscellaneous,Taxon,alphanumeric,parentnameusageid,An identifier for the name usage (documented meaning of the name according to a source) of the direct; most proximate higher-rank parent taxon (in a classification) of the most specific element of the scientificName. ,0,0,0,0,0,0,0,0,0,0,0,0,0,0,0,0,0,0
phylum,,phylum,DwC,miscellaneous,Taxon,alphanumeric,phylum,The full scientific name of the phylum in which the taxon is classified. ,0,0,0,0,0,0,0,0,0,0,0,0,0,0,0,0,0,0
ResourceRelationship,,resource_relationship,DwC,miscellaneous,ResourceRelationship,alphanumeric,resourcerelationship;resource_relationship,Resources can be thought of as identifiable records or instances of classes and may include; but need not be limited to dwc:Occurrence; dwc:Organism; dwc:MaterialSample; dwc:Event; dwc:Location; dwc:GeologicalContext; dwc:Identification; or dwc:Taxon.,0,0,0,0,0,0,0,0,0,0,0,0,0,0,0,0,0,0
scientificName,scientific_name,scientificName,DwC,miscellaneous,Taxon,alphanumeric,scientificname;scientific_name,The full scientific name; with authorship and date information if known. When forming part of an Identification; this should be the name in lowest level taxonomic rank that can be determined. This term should not contain identification qualifications; which should instead be supplied in the IdentificationQualifier term. ,0,0,0,0,0,0,0,0,0,0,0,0,0,0,0,0,0,0
scientificNameAuthorship,,scientificNameAuthorship,DwC,miscellaneous,Taxon,alphanumeric,scientificnameauthorship,The authorship information for the scientificName formatted according to the conventions of the applicable nomenclaturalCode. ,0,0,0,0,0,0,0,0,0,0,0,0,0,0,0,0,0,0
scientificNameID,,scientificNameID,DwC,miscellaneous,Taxon,alphanumeric,scientificnameid,An identifier for the nomenclatural (not taxonomic) details of a scientific name. ,0,0,0,0,0,0,0,0,0,0,0,0,0,0,0,0,0,0
specificEpithet,,specificEpithet,DwC,miscellaneous,Taxon,alphanumeric,specificepithet,The name of the first or species epithet of the scientificName. ,0,0,0,0,0,0,0,0,0,0,0,0,0,0,0,0,0,0
subgenus,,subgenus,DwC,miscellaneous,Taxon,alphanumeric,subgenus,The full scientific name of the subgenus in which the taxon is classified. Values should include the genus to avoid homonym confusion. ,0,0,0,0,0,0,0,0,0,0,0,0,0,0,0,0,0,0
taxonConceptID,,taxonConceptID,DwC,miscellaneous,Taxon,alphanumeric,taxonconceptid,An identifier for the taxonomic concept to which the record refers - not for the nomenclatural details of a taxon. ,0,0,0,0,0,0,0,0,0,0,0,0,0,0,0,0,0,0
taxonRank,,taxonRank,DwC,miscellaneous,Taxon,alphanumeric,taxonrank,The taxonomic rank of the most specific name in the scientificName. Recommended best practice is to use a controlled vocabulary. ,0,0,0,0,0,0,0,0,0,0,0,0,0,0,0,0,0,0
vernacularName,,vernacularName,DwC,miscellaneous,Taxon,alphanumeric,vernacularname,A common or vernacular name. ,0,0,0,0,0,0,0,0,0,0,0,0,0,0,0,0,0,0
alias,alias,,INSDC,miscellaneous,miscellaneous,alphanumeric,alias,An alternative name of a sample (i.e. synonym to original_name),0,0,0,0,0,0,0,0,0,0,0,0,0,0,0,0,0,0
original_name,,,INSDC,miscellaneous,miscellaneous,alphanumeric,original_name;name;samplename;samle_name;samp_name;libraryname;lib;library;alias;library_name,The original sample name that can be used to identify the material taken in the field.,0,0,0,0,0,0,0,0,0,0,0,0,0,0,0,0,0,0
additional_mid,,,miscellaneous,miscellaneous,miscellaneous,alphanumeric,additional_mid,additional multiplex Identifiers (MIDs); that are used to specifically tag unique samples in a sequencing run. Sequence should be reported in uppercase letters,0,0,0,0,0,0,0,0,0,0,0,0,0,0,0,0,0,0
bottle,,,miscellaneous,miscellaneous,miscellaneous,alphanumeric,bottle,A name; number or identifier for experiment bottles.,0,0,0,0,0,0,0,0,0,0,0,0,0,0,0,0,0,0
carbon_14,,,miscellaneous,miscellaneous,miscellaneous,alphanumeric,carbon_14,carbon isotope 14 reading,0,0,0,0,0,0,0,0,0,0,0,0,0,0,0,0,0,0
cast,,,miscellaneous,miscellaneous,miscellaneous,alphanumeric,cast,A form or appearance or character that can group different types of organisms orspecies assemblages together,0,0,0,0,0,0,0,0,0,0,0,0,0,0,0,0,0,0
filter_size,,,miscellaneous,miscellaneous,miscellaneous,alphanumeric,filter_size,the mesh size of the filter used to separate an environmental sample into different size-fractions,0,0,0,0,0,0,0,0,0,0,0,0,0,0,0,0,0,0
leucine,,,miscellaneous,miscellaneous,miscellaneous,alphanumeric,leucine,the concentration of leucine,0,0,0,0,0,0,0,0,0,0,0,0,0,0,0,0,0,0
nitrite_plus_nitrate,,,miscellaneous,miscellaneous,miscellaneous,alphanumeric,nitrite_plus_nitrate,the amount or concentration of nitrite pluse nitrate (measured together),0,0,0,0,0,0,0,0,0,0,0,0,0,0,0,0,0,0
density,density,,MIxS,miscellaneous_natural_or_artificial_environment,miscellaneous,alphanumeric,density,density of sample,0,1,0,0,0,0,0,0,0,0,0,0,1,0,1,0,0,1
biotic_relationship,biotic relationship,,MIxS,nucleic_acid_sequence_source,miscellaneous,alphanumeric,biotic_relationship,Is it free-living or in a host and if the latter what type of relationship is observed,0,1,1,0,0,0,0,0,0,0,0,0,0,0,0,0,0,0
encoded_traits,encoded traits,,MIxS,nucleic_acid_sequence_source,miscellaneous,alphanumeric,encoded_traits,Should include key traits like antibiotic resistance or xenobiotic degradation phenotypes for plasmids; converting genes for phage,0,1,1,0,0,0,0,0,0,0,0,0,0,0,0,0,0,0
estimated_size,estimated size,,MIxS,nucleic_acid_sequence_source,miscellaneous,alphanumeric,estimated_size,The estimated size of the genome prior to sequencing. Of particular importance in the sequencing of (eukaryotic) genome which could remain in draft form for a long or unspecified period.,0,1,1,0,0,0,0,0,0,0,0,0,0,0,0,0,0,0
extrachrom_elements,extrachromosomal elements,,MIxS,nucleic_acid_sequence_source,miscellaneous,alphanumeric,extrachrom_elements,Do plasmids exist of significant phenotypic consequence (e.g. ones that determine virulence or antibiotic resistance). Megaplasmids? Other plasmids (borrelia has 15+ plasmids),0,1,1,0,0,0,0,0,0,0,0,0,0,0,0,0,0,0
health_disease_stat,health disease stat,,MIxS,nucleic_acid_sequence_source,miscellaneous,alphanumeric,health_disease_stat,Health or disease status of specific host at time of collection. This field accepts PATO (v 2013-10-28) terms; for a browser please see http://purl.bioontology.org/ontology/PATO,0,1,1,0,0,0,0,0,0,0,0,0,0,0,0,0,0,0
host_spec_range,host spec range,,MIxS,nucleic_acid_sequence_source,miscellaneous,alphanumeric,host_spec_range,The NCBI taxonomy identifier of the specific host if it is known,0,1,1,0,0,0,0,0,0,0,0,0,0,0,0,0,0,0
isol_growth_condt,isolation and growth condition,,MIxS,nucleic_acid_sequence_source,miscellaneous,alphanumeric,isol_growth_condt;isolation_and_growth_condition,Publication reference in the form of pubmed ID (pmid); digital object identifier (doi) or url for isolation and growth condition specifications of the organism/material,0,1,1,0,0,0,0,0,0,0,0,0,0,0,0,0,0,0
num_replicons,number of replicons,,MIxS,nucleic_acid_sequence_source,miscellaneous,alphanumeric,num_replicons;number_of_replicons,Reports the number of replicons in a nuclear genome of eukaryotes; in the genome of a bacterium or archaea or the number of segments in a segmented virus. Always applied to the haploid chromosome count of a eukaryote,0,1,1,0,0,0,0,0,0,0,0,0,0,0,0,0,0,0
pathogenicity,pathogenicity,,MIxS,nucleic_acid_sequence_source,miscellaneous,alphanumeric,pathogenicity,To what is the entity pathogenic. ,0,1,1,0,0,0,0,0,0,0,0,0,0,0,0,0,0,0
ploidy,ploidy,,MIxS,nucleic_acid_sequence_source,miscellaneous,alphanumeric,ploidy,The ploidy level of the genome (e.g. allopolyploid; haploid; diploid; triploid; tetraploid). It has implications for the downstream study of duplicated gene and regions of the genomes (and perhaps for difficulties in assembly). For terms; please select terms listed under class ploidy (PATO:001374) of Phenotypic Quality Ontology (PATO); and for a browser of PATO (v 2013-10-28) please refer to http://purl.bioontology.org/ontology/PATO,0,1,1,0,0,0,0,0,0,0,0,0,0,0,0,0,0,0
propagation,propagation,,MIxS,nucleic_acid_sequence_source,miscellaneous,alphanumeric,propagation,This field is specific to different taxa. For phages: lytic/lysogenic; for plasmids: incompatibility group (Note: there is the strong opinion to name phage propagation obligately lytic or temperate; therefore we also give this choice,0,1,1,0,0,0,0,0,0,0,0,0,0,0,0,0,0,0
ref_biomaterial,reference for biomaterial,,MIxS,nucleic_acid_sequence_source,miscellaneous,alphanumeric,ref_biomaterial;reference_for_biomaterial,primary publication if isolated before genome publication; otherwise; primary genome report,0,1,1,0,0,0,0,0,0,0,0,0,0,0,0,0,0,0
rel_to_oxygen,relationship to oxygen,,MIxS,nucleic_acid_sequence_source,miscellaneous,alphanumeric,rel_to_oxygen;relationship_to_oxygen,Is this organism an aerobe; anaerobe? Please note that aerobic and anaerobic are valid descriptors for microbial environments,0,1,1,0,0,0,0,0,0,0,0,0,0,0,0,0,0,0
samp_collect_device,sample collection device,,MIxS,nucleic_acid_sequence_source,miscellaneous,alphanumeric,samp_collect_device;sample_collection_device,The method or device employed for collecting the sample,0,1,1,0,0,0,0,0,0,0,0,0,0,0,0,0,0,0
samp_mat_process,sample material process,,MIxS,nucleic_acid_sequence_source,miscellaneous,alphanumeric,samp_mat_process;sample_material_process,Any processing applied to the sample during or after retrieving the sample from environment. This field accepts OBI; for a browser of OBI (v 2013-10-25) terms please see http://purl.bioontology.org/ontology/OBI,0,1,1,0,0,0,0,0,0,0,0,0,0,0,0,0,0,0
samp_size,sample size,,MIxS,nucleic_acid_sequence_source,miscellaneous,,samp_size;sample_size;amount_or_size_of_sample_collected,Amount or size of sample (volume; mass or area) that was collected,0,1,1,0,0,0,0,0,0,0,0,0,0,0,0,0,0,0
source_mat_id,source mat id,,MIxS,nucleic_acid_sequence_source,miscellaneous,alphanumeric,source_mat_id;title;source_material_id,A unique identifier assigned to a material sample (as defined by http://rs.tdwg.org/dwc/terms/materialSampleID; and as opposed to a particular digital record of a material sample) used for extracting nucleic acids; and subsequent sequencing. The identifier can refer either to the original material collected or to any derived sub-samples. The INSDC qualifiers /specimen_voucher; /bio_material; or /culture_collection may or may not share the same value as the source_mat_id field. For instance; the /specimen_voucher qualifier and source_mat_id may both contain 'UAM:Herps:14' ; referring to both the specimen voucher and sampled tissue with the same identifier. However; the /culture_collection qualifier may refer to a value from an initial culture (e.g. ATCC:11775) while source_mat_id would refer to an identifier from some derived culture from which the nucleic acids were extracted (e.g. xatc123 or ark:/2154/R2).,0,1,1,0,0,0,0,0,0,0,0,0,0,0,0,0,0,0
specific_host,specific host,,MIxS,nucleic_acid_sequence_source,miscellaneous,alphanumeric,specific_host;host,If there is a host involved; please provide its taxid (or environmental if not actually isolated from the dead or alive host - i.e. pathogen could be isolated from a swipe of a bench etc) and report whether it is a laboratory or natural host). From this we can calculate any number of groupings of hosts (e.g. animal vs plant; all fish hosts; etc),0,1,1,0,0,0,0,0,0,0,0,0,0,0,0,0,0,0
subspecf_gen_lin,common_name,,MIxS,nucleic_acid_sequence_source,miscellaneous,alphanumeric,subspecf_gen_lin;common_name,This should provide further information about the genetic distinctness of this lineage by recording additional information i.e biovar; serovar; serotype; biovar; or any relevant genetic typing schemes like Group I plasmid. It can also contain alternative taxonomic information,0,1,1,0,0,0,0,0,0,0,0,0,0,0,0,0,0,0
trophic_level,trophic level,,MIxS,nucleic_acid_sequence_source,miscellaneous,alphanumeric,trophic_level,Trophic levels are the feeding position in a food chain. Microbes can be a range of producers (e.g. chemolithotroph),0,1,1,0,0,0,0,0,0,0,0,0,0,0,0,0,0,0
abs_air_humidity,abs air humidity,,MIxS,package,miscellaneous,alphanumeric,abs_air_humidity,actual mass of water vapor - mh20 - present in the air water vapor mixture,0,1,0,0,1,0,0,0,0,0,0,0,0,0,0,0,0,0
agrochem_addition,agrochem addition,,MIxS,package,miscellaneous,alphanumeric,agrochem_addition,addition of fertilizers; pesticides; etc. - amount and time of applications,0,1,0,0,0,0,0,0,0,0,0,0,0,0,0,1,0,0
air_temp,air temperature,,MIxS,package,miscellaneous,degreesCelcius,air_temp;air_temperature,temperature of the air at the time of sampling,0,1,0,0,1,0,0,0,0,0,0,0,0,0,0,0,0,0
air_temp_regm,air temperature regime,,MIxS,package,miscellaneous,degreesCelcius,air_temp_regm;air_temperature_regime,information about treatment involving an exposure to varying temperatures; should include the temperature; treatment duration; interval and total experimental duration; can include different temperature regimens,0,1,0,0,0,0,0,0,0,0,0,0,0,1,0,0,0,0
al_sat,al sat,,MIxS,package,miscellaneous,alphanumeric,al_sat,aluminum saturation (esp. for tropical soils),0,1,0,0,0,0,0,0,0,0,0,0,0,0,0,1,0,0
al_sat_meth,al sat method,,MIxS,package,miscellaneous,alphanumeric,al_sat_meth;al_sat_method,reference or method used in determining Al saturation,0,1,0,0,0,0,0,0,0,0,0,0,0,0,0,1,0,0
alkalinity,alkalinity,,MIxS,package,miscellaneous,alphanumeric,alkalinity,alkalinity; the ability of a solution to neutralize acids to the equivalence point of carbonate or bicarbonate,0,1,0,0,0,0,0,0,0,0,0,1,1,0,1,0,1,1
alkyl_diethers,alkyl diethers,,MIxS,package,miscellaneous,alphanumeric,alkyl_diethers,concentration of alkyl diethers ,0,1,0,0,0,0,0,0,0,0,0,1,0,0,1,0,0,1
alt,altitude,,MIxS,package,miscellaneous,alphanumeric,alt;altitude,the altitude of the sample is the vertical distance between Earth's surface above sea level and the sampled position in the air,0,1,0,2,0,1,0,0,0,0,0,1,1,1,1,1,0,1
aminopept_act,aminopept act,,MIxS,package,miscellaneous,alphanumeric,aminopept_act,measurement of aminopeptidase activity,0,1,0,0,0,0,0,0,0,0,0,1,0,0,1,0,0,1
ammonium,ammonium,,MIxS,package,miscellaneous,alphanumeric,ammonium,concentration of ammonium,0,1,0,0,0,0,0,0,0,0,0,1,1,0,1,0,0,1
amniotic_fluid_color,amniotic fluid color,,MIxS,package,miscellaneous,alphanumeric,amniotic_fluid_color,specification of the color of the amniotic fluid sample,0,1,0,0,0,0,1,0,0,0,0,0,0,0,0,0,0,0
annual_season_precpt,annual season precpt,,MIxS,package,miscellaneous,alphanumeric,annual_season_precpt,mean annual and seasonal precipitation,0,1,0,0,0,0,0,0,0,0,0,0,0,0,0,1,0,0
annual_season_temp,annual season temp,,MIxS,package,miscellaneous,degreesCelcius,annual_season_temp,mean annual and seasonal temperature,0,1,0,0,0,0,0,0,0,0,0,0,0,0,0,1,0,0
antibiotic_regm,antibiotic regime,,MIxS,package,miscellaneous,alphanumeric,antibiotic_regm;antibiotic_regime,information about treatment involving antibiotic administration; should include the name of antibiotic; amount administered; treatment duration; interval and total experimental duration; can include multiple antibiotic regimens,0,1,0,0,0,0,0,0,0,0,0,0,0,1,0,0,0,0
atmospheric_data,atmospheric data,,MIxS,package,miscellaneous,alphanumeric,atmospheric_data,measurement of atmospheric data; can include multiple data,0,1,0,0,0,0,0,0,0,0,0,0,0,0,0,0,0,1
bac_prod,bac prod,,MIxS,package,miscellaneous,alphanumeric,bac_prod,bacterial production in the water column measured by isotope uptake,0,1,0,0,0,0,0,0,0,0,0,0,0,0,0,0,0,1
bac_resp,bac resp,,MIxS,package,miscellaneous,alphanumeric,bac_resp,measurement of bacterial resporation in the water column,0,1,0,0,0,0,0,0,0,0,0,0,0,0,0,0,0,1
bacteria_carb_prod,bacteria carbon prod,,MIxS,package,miscellaneous,alphanumeric,bacteria_carb_prod;bacteria_carbon_prod,measurement of bacterial carbon production,0,1,0,0,0,0,0,0,0,0,0,1,0,0,1,0,0,1
barometric_press,barometric press,,MIxS,package,miscellaneous,alphanumeric,barometric_press;atm_press,force per unit area exerted against a surface by the weight of air above that surface,0,1,0,1,0,0,0,0,0,0,0,0,0,0,0,0,0,0
biochem_oxygen_dem,biochem oxygen dem,,MIxS,package,miscellaneous,alphanumeric,biochem_oxygen_dem,a measure of the relative oxygen-depletion effect of a waste contaminant,0,1,0,0,0,0,0,0,0,0,0,0,0,0,0,0,1,0
biomass,biomass,,MIxS,package,miscellaneous,alphanumeric,biomass,amount of biomass; should include the name for the part of biomass measured; e.g. microbial; total. can include multiple measurements,0,1,0,0,0,0,0,0,0,0,0,1,1,0,1,0,0,1
birth_control,birth control,,MIxS,package,miscellaneous,alphanumeric,birth_control,specification of birth control medication used,0,1,0,0,0,0,0,0,0,0,1,0,0,0,0,0,0,0
bishomohopanol,bishomohopanol,,MIxS,package,miscellaneous,alphanumeric,bishomohopanol,concentration of bishomohopanol ,0,1,0,0,0,0,0,0,0,0,0,1,0,0,1,0,0,1
blood_blood_disord,blood blood disord,,MIxS,package,miscellaneous,alphanumeric,blood_blood_disord,history of blood disorders; can include multiple disorders,0,1,0,0,0,0,1,0,0,0,0,0,0,0,0,0,0,0
bromide,bromide,,MIxS,package,miscellaneous,alphanumeric,bromide,concentration of bromide ,0,1,0,0,0,0,0,0,0,0,0,1,1,0,1,0,0,1
build_occup_type,build occup type,,MIxS,package,miscellaneous,alphanumeric,build_occup_type,the primary function for which a building or discrete part of a building is intended to be used,0,1,0,0,1,0,0,0,0,0,0,0,0,0,0,0,0,0
building_setting,building setting,,MIxS,package,miscellaneous,alphanumeric,building_setting,a location (geography) where a building is set,0,1,0,0,1,0,0,0,0,0,0,0,0,0,0,0,0,0
calcium,calcium,,MIxS,package,miscellaneous,alphanumeric,calcium,concentration of calcium,0,1,0,0,0,0,0,0,0,0,0,1,1,0,1,0,0,1
carb_dioxide,carbon dioxide,,MIxS,package,miscellaneous,alphanumeric,carb_dioxide;carbon_dioxide;CO2,carbon dioxide (gas) amount or concentration at the time of sampling,0,1,0,1,1,0,0,0,0,0,0,0,0,0,0,0,0,0
carb_monoxide,carbon monoxide,,MIxS,package,miscellaneous,alphanumeric,carb_monoxide;carbon_monoxide;CO,carbon monoxide (gas) amount or concentration at the time of sampling,0,1,0,1,0,0,0,0,0,0,0,0,0,0,0,0,0,0
carb_nitro_ratio,carbon/nitrogen ratio,,MIxS,package,miscellaneous,alphanumeric,carb_nitro_ratio;carbon_nitrogen_ratio,ratio of amount or concentrations of carbon to nitrogen,0,1,0,0,0,0,0,0,0,0,0,1,0,0,1,0,0,1
chem_administration,chemical administration,,MIxS,package,miscellaneous,alphanumeric,chem_administration;chemical_administration,list of chemical compounds administered to the host or site where sampling occurred; and when (e.g. antibiotics; N fertilizer; air filter); can include multiple compounds. For Chemical Entities of Biological Interest ontology (CHEBI) (v 111); http://purl.bioontology.org/ontology/CHEBI,0,1,0,1,0,1,1,1,1,1,1,1,1,1,1,0,1,1
chem_mutagen,chemical mutagen,,MIxS,package,miscellaneous,alphanumeric,chem_mutagen;chemical_mutagen,treatment involving use of mutagens; should include the name of mutagen; amount administered; treatment duration; interval and total experimental duration; can include multiple mutagen regimens,0,1,0,0,0,0,0,0,0,0,0,0,0,1,0,0,0,0
chem_oxygen_dem,chemical oxygen dem,,MIxS,package,miscellaneous,alphanumeric,chem_oxygen_dem;chemical_oxygen_dem,a measure of the relative oxygen-depletion effect of a waste contaminant,0,1,0,0,0,0,0,0,0,0,0,0,0,0,0,0,1,0
chloride,chloride,,MIxS,package,miscellaneous,alphanumeric,chloride,concentration of chloride ,0,1,0,0,0,0,0,0,0,0,0,1,1,0,1,0,0,1
chlorophyll,chlorophyll,,MIxS,package,miscellaneous,alphanumeric,chlorophyll,concentration of chlorophyll,0,1,0,0,0,0,0,0,0,0,0,1,1,0,1,0,0,1
climate_environment,climate environment,,MIxS,package,miscellaneous,alphanumeric,climate_environment,treatment involving an exposure to a particular climate; can include multiple climates,0,1,0,0,0,0,0,0,0,0,0,0,0,1,0,0,0,0
conduc,conductivity,,MIxS,package,miscellaneous,alphanumeric,conduc;conductivity;cond,electrical conductivity of water,0,1,0,0,0,0,0,0,0,0,0,0,0,0,0,0,0,1
crop_rotation,crop rotation,,MIxS,package,miscellaneous,alphanumeric,crop_rotation,whether or not crop is rotated; and if yes; rotation schedule,0,1,0,0,0,0,0,0,0,0,0,0,0,0,0,1,0,0
cur_land_use,current land use,,MIxS,package,miscellaneous,alphanumeric,cur_land_use;current_land_use,present state of sample site,0,1,0,0,0,0,0,0,0,0,0,0,0,0,0,1,0,0
cur_vegetation,current vegetation,,MIxS,package,miscellaneous,alphanumeric,cur_vegetation;current_vegetation,vegetation classification from one or more standard classification systems; or agricultural crop,0,1,0,0,0,0,0,0,0,0,0,0,0,0,0,1,0,0
cur_vegetation_meth,current vegetation method,,MIxS,package,miscellaneous,alphanumeric,cur_vegetation_meth;current_vegetation_method,reference or method used in vegetation classification ,0,1,0,0,0,0,0,0,0,0,0,0,0,0,0,1,0,0
dermatology_disord,dermatology disord,,MIxS,package,miscellaneous,alphanumeric,dermatology_disord,history of dermatology disorders; can include multiple disorders,0,1,0,0,0,0,0,0,0,1,0,0,0,0,0,0,0,0
dew_point,dew point,,MIxS,package,miscellaneous,alphanumeric,dew_point,the temperature to which a given parcel of humid air must be cooled; at constant barometric pressure; for water vapor to condense into water. ,0,1,0,0,1,0,0,0,0,0,0,0,0,0,0,0,0,0
diet_last_six_month,diet last six month,,MIxS,package,miscellaneous,alphanumeric,diet_last_six_month,specification of major diet changes in the last six months; if yes the change should be specified,0,1,0,0,0,0,1,0,0,0,0,0,0,0,0,0,0,0
diether_lipids,diether lipids,,MIxS,package,miscellaneous,alphanumeric,diether_lipids,concentration of diether lipids; can include multiple types of diether lipids,0,1,0,0,0,0,0,0,0,0,0,1,1,0,1,0,0,1
diss_carb_dioxide,dissolved carbon dioxide,,MIxS,package,miscellaneous,alphanumeric,diss_carb_dioxide;dissolved_carbon_dioxide,concentration of dissolved carbon dioxide,0,1,0,0,0,0,0,0,0,0,0,1,1,0,1,0,0,1
diss_hydrogen,dissolved hydrogen,,MIxS,package,miscellaneous,alphanumeric,diss_hydrogen;dissolved_hydrogen,concentration of dissolved hydrogen,0,1,0,0,0,0,0,0,0,0,0,1,1,0,1,0,0,1
diss_inorg_carb,dissolved inorganic carbon,,MIxS,package,miscellaneous,alphanumeric,diss_inorg_carb;dissolved_inorganic_carbon,dissolved inorganic carbon concentration,0,1,0,0,0,0,0,0,0,0,0,1,1,0,1,0,0,1
diss_inorg_nitro,dissolved inorganic nitrogen,,MIxS,package,miscellaneous,alphanumeric,diss_inorg_nitro;dissolved_inorganic_nitrogen,concentration of dissolved inorganic nitrogen ,0,1,0,0,0,0,0,0,0,0,0,0,0,0,0,0,0,1
diss_inorg_phosp,dissolved inorganic phosphor,,MIxS,package,miscellaneous,alphanumeric,diss_inorg_phosp;dissolved_inorganic_phosphor,concentration of dissolved inorganic phosphorus ,0,1,0,0,0,0,0,0,0,0,0,0,0,0,0,0,0,1
diss_org_carb,dissolved organic carbon,,MIxS,package,miscellaneous,alphanumeric,diss_org_carb;dissolved_organic_carbon,concentration of dissolved organic carbon,0,1,0,0,0,0,0,0,0,0,0,1,0,0,1,0,0,1
diss_org_nitro,dissolved organic nitrogen,,MIxS,package,miscellaneous,alphanumeric,diss_org_nitro;dissolved_organic_nitrogen,dissolved organic nitrogen concentration measured as; total dissolved nitrogen - NH4 - NO3 - NO2,0,1,0,0,0,0,0,0,0,0,0,1,1,0,1,0,0,1
diss_oxygen,dissolved oxygen,,MIxS,package,miscellaneous,alphanumeric,diss_oxygen;oxygen;dissolved_oxygen,concentration of dissolved oxygen,0,1,0,0,0,0,0,0,0,0,0,1,1,0,1,0,0,1
dominant_hand,dominant hand,,MIxS,package,miscellaneous,alphanumeric,dominant_hand,dominant hand of the subject,0,1,0,0,0,0,0,0,0,1,0,0,0,0,0,0,0,0
douche,douche,,MIxS,package,miscellaneous,alphanumeric,douche,date of most recent douche,0,1,0,0,0,0,0,0,0,0,1,0,0,0,0,0,0,0
down_par,down par,,MIxS,package,miscellaneous,alphanumeric,down_par,visible waveband radiance and irradiance measurements in the water column,0,1,0,0,0,0,0,0,0,0,0,0,0,0,0,0,0,1
drainage_class,drainage class,,MIxS,package,miscellaneous,alphanumeric,drainage_class,drainage classification from a standard system such as the USDA system,0,1,0,0,0,0,0,0,0,0,0,0,0,0,0,1,0,0
drug_usage,drug usage,,MIxS,package,miscellaneous,alphanumeric,drug_usage,any drug used by subject and the frequency of usage; can include multiple drugs used,0,1,0,0,0,0,1,0,0,0,0,0,0,0,0,0,0,0
efficiency_percent,efficiency percent,,MIxS,package,miscellaneous,alphanumeric,efficiency_percent,percentage of volatile solids removed from the anaerobic digestor,0,1,0,0,0,0,0,0,0,0,0,0,0,0,0,0,1,0
elev,elevation,,MIxS,package,miscellaneous,meter,elev;elevation;geographic_location_elevation;geographic_location_altitude,the elevation of the sampling site as measured by the vertical distance from mean sea level,0,1,0,1,0,1,0,0,0,0,0,2,1,1,2,2,0,1
emulsions,emulsions,,MIxS,package,miscellaneous,alphanumeric,emulsions,amount or concentration of substances such as paints; adhesives; mayonnaise; hair colorants; emulsified oils; etc.; can include multiple emulsion types,0,1,0,0,0,0,0,0,0,0,0,0,0,0,0,0,1,0
extreme_event,extreme event,,MIxS,package,miscellaneous,alphanumeric,extreme_event,unusual physical events that may have affected microbial populations,0,1,0,0,0,0,0,0,0,0,0,0,0,0,0,1,0,0
extreme_salinity,extreme salinity,,MIxS,package,miscellaneous,alphanumeric,extreme_salinity,measured salinity ,0,1,0,0,0,0,0,0,0,0,0,0,0,0,0,1,0,0
fao_class,fao class,,MIxS,package,miscellaneous,alphanumeric,fao_class,soil classification from the FAO World Reference Database for Soil Resources. The list can be found at http://www.fao.org/nr/land/sols/soil/wrb-soil-maps/reference-groups,0,1,0,0,0,0,0,0,0,0,0,0,0,0,0,1,0,0
fertilizer_regm,fertilizer regime,,MIxS,package,miscellaneous,alphanumeric,fertilizer_regm;fertilizer_regime,information about treatment involving the use of fertilizers; should include the name fertilizer; amount administered; treatment duration; interval and total experimental duration; can include multiple fertilizer regimens,0,1,0,0,0,0,0,0,0,0,0,0,0,1,0,0,0,0
filter_type,filter type,,MIxS,package,miscellaneous,alphanumeric,filter_type,a device which removes solid particulates or airborne molecular contaminants,0,1,0,0,1,0,0,0,0,0,0,0,0,0,0,0,0,0
fire,fire,,MIxS,package,miscellaneous,alphanumeric,fire,historical and/or physical evidence of fire,0,1,0,0,0,0,0,0,0,0,0,0,0,0,0,1,0,0
flooding,flooding,,MIxS,package,miscellaneous,alphanumeric,flooding,historical and/or physical evidence of flooding,0,1,0,0,0,0,0,0,0,0,0,0,0,0,0,1,0,0
fluor,fluorescence,,MIxS,package,miscellaneous,alphanumeric,fluor;fluorescence,raw or converted fluorescence of water,0,1,0,0,0,0,0,0,0,0,0,0,0,0,0,0,0,1
foetal_health_stat,foetal health stat,,MIxS,package,miscellaneous,alphanumeric,foetal_health_stat,specification of foetal health status; should also include abortion,0,1,0,0,0,0,1,0,0,0,0,0,0,0,0,0,0,0
fungicide_regm,fungicide regime,,MIxS,package,miscellaneous,alphanumeric,fungicide_regm;fungicide_regime,information about treatment involving use of fungicides; should include the name of fungicide; amount administered; treatment duration; interval and total experimental duration; can include multiple fungicide regimens,0,1,0,0,0,0,0,0,0,0,0,0,0,1,0,0,0,0
gaseous_environment,gaseous environment,,MIxS,package,miscellaneous,alphanumeric,gaseous_environment,use of conditions with differing gaseous environments; should include the name of gaseous compound; amount administered; treatment duration; interval and total experimental duration; can include multiple gaseous environment regimens,0,1,0,0,0,0,0,0,0,0,0,0,0,1,0,0,0,0
gaseous_substances,gaseous substances,,MIxS,package,miscellaneous,alphanumeric,gaseous_substances,amount or concentration of substances such as hydrogen sulfide; carbon dioxide; methane; etc.; can include multiple substances,0,1,0,0,0,0,0,0,0,0,0,0,0,0,0,0,1,0
gastrointest_disord,gastrointest disord,,MIxS,package,miscellaneous,alphanumeric,gastrointest_disord,history of gastrointestinal tract disorders; can include multiple disorders ,0,1,0,0,0,0,0,1,0,0,0,0,0,0,0,0,0,0
gestation_state,gestation state,,MIxS,package,miscellaneous,alphanumeric,gestation_state,specification of the gestation state,0,1,0,0,0,0,1,0,0,0,0,0,0,0,0,0,0,0
glucosidase_act,glucosidase act,,MIxS,package,miscellaneous,alphanumeric,glucosidase_act,measurement of glucosidase activity,0,1,0,0,0,0,0,0,0,0,0,1,0,0,1,0,0,1
gravidity,gravidity,,MIxS,package,miscellaneous,alphanumeric,gravidity,whether or not subject is gravid; and if yes date due or date post-conception; specifying which is used,0,1,0,0,0,1,0,0,0,0,0,0,0,0,0,0,0,0
gravity,gravity,,MIxS,package,miscellaneous,alphanumeric,gravity,information about treatment involving use of gravity factor to study various types of responses in presence; absence or modified levels of gravity; can include multiple treatments,0,1,0,0,0,0,0,0,0,0,0,0,0,1,0,0,0,0
growth_hormone_regm,growth hormone regime,,MIxS,package,miscellaneous,alphanumeric,growth_hormone_regm;growth_hormone_regime,information about treatment involving use of growth hormones; should include the name of growth hormone; amount administered; treatment duration; interval and total experimental duration; can include multiple growth hormone regimens,0,1,0,0,0,0,0,0,0,0,0,0,0,1,0,0,0,0
growth_med,growth med,,MIxS,package,miscellaneous,alphanumeric,growth_med,information about growth media for growing the plants or tissue cultured samples,0,1,0,0,0,0,0,0,0,0,0,0,0,1,0,0,0,0
gynecologic_disord,gynecologic disorder,,MIxS,package,miscellaneous,alphanumeric,gynecologic_disord;gynecologic_disorder,history of gynecological disorders; can include multiple disorders,0,1,0,0,0,0,0,0,0,0,1,0,0,0,0,0,0,0
heat_cool_type,heat cool type,,MIxS,package,miscellaneous,alphanumeric,heat_cool_type,methods of conditioning or heating a room or building,0,1,0,0,1,0,0,0,0,0,0,0,0,0,0,0,0,0
heavy_metals,heavy metals,,MIxS,package,miscellaneous,alphanumeric,heavy_metals,heavy metals present and concentrationsany drug used by subject and the frequency of usage; can include multiple heavy metals and concentrations,0,1,0,0,0,0,0,0,0,0,0,0,0,0,0,1,0,0
heavy_metals_meth,heavy metals method,,MIxS,package,miscellaneous,alphanumeric,heavy_metals_meth;heavy_metals_method,reference or method used in determining heavy metals,0,1,0,0,0,0,0,0,0,0,0,0,0,0,0,1,0,0
herbicide_regm,herbicide regime,,MIxS,package,miscellaneous,alphanumeric,herbicide_regm;herbicide_regime,information about treatment involving use of herbicides; information about treatment involving use of growth hormones; should include the name of herbicide; amount administered; treatment duration; interval and total experimental duration; can include multiple regimens,0,1,0,0,0,0,0,0,0,0,0,0,0,1,0,0,0,0
horizon,horizon,,MIxS,package,miscellaneous,alphanumeric,horizon,specific layer in the land area which measures parallel to the soil surface and possesses physical characteristics which differ from the layers above and beneath,0,1,0,0,0,0,0,0,0,0,0,0,0,0,0,1,0,0
horizon_meth,horizon method,,MIxS,package,miscellaneous,alphanumeric,horizon_meth;horizon_method,reference or method used in determining the horizon,0,1,0,0,0,0,0,0,0,0,0,0,0,0,0,1,0,0
host_age,host age,,MIxS,package,miscellaneous,alphanumeric,host_age,age of host at the time of sampling; relevant scale depends on species and study; e.g. could be seconds for amoebae or centuries for trees,0,1,0,0,0,1,1,1,1,1,1,0,0,1,0,0,0,0
host_blood_press_diast,host blood press diast,,MIxS,package,miscellaneous,alphanumeric,host_blood_press_diast,resting diastolic blood pressure; measured as mm mercury,0,1,0,0,0,1,0,0,0,0,0,0,0,0,0,0,0,0
host_blood_press_syst,host blood press syst,,MIxS,package,miscellaneous,alphanumeric,host_blood_press_syst,resting systolic blood pressure; measured as mm mercury,0,1,0,0,0,1,0,0,0,0,0,0,0,0,0,0,0,0
host_body_habitat,host body habitat,,MIxS,package,miscellaneous,alphanumeric,host_body_habitat,original body habitat where the sample was obtained from,0,1,0,0,0,1,0,0,0,0,0,0,0,0,0,0,0,0
host_body_mass_index,host body mass index,,MIxS,package,miscellaneous,alphanumeric,host_body_mass_index,body mass index; calculated as weight/(height)squared,0,1,0,0,0,0,1,1,1,1,1,0,0,0,0,0,0,0
host_body_product,host body product,,MIxS,package,miscellaneous,alphanumeric,host_body_product,substance produced by the body; e.g. stool; mucus; where the sample was obtained from. For Foundational Model of Anatomy Ontology (FMA) (v 3.1) terms; please see http://purl.bioontology.org/ontology/FMA,0,1,0,0,0,1,1,1,1,1,1,0,0,0,0,0,0,0
host_body_site,host body site,,MIxS,package,miscellaneous,alphanumeric,host_body_site,name of body site where the sample was obtained from,0,1,0,0,0,1,1,1,1,1,1,0,0,0,0,0,0,0
host_body_temp,host body temp,,MIxS,package,miscellaneous,degreesCelcius,host_body_temp,core body temperature of the host when sample was collected,0,1,0,0,0,1,1,1,1,1,1,0,0,0,0,0,0,0
host_color,host color,,MIxS,package,miscellaneous,alphanumeric,host_color,the color of host,0,1,0,0,0,1,0,0,0,0,0,0,0,0,0,0,0,0
host_common_name,host common name,,MIxS,package,miscellaneous,alphanumeric,host_common_name,common name of the host; e.g. human,0,1,0,0,0,1,0,0,0,0,0,0,0,1,0,0,0,0
host_diet,host diet,,MIxS,package,miscellaneous,alphanumeric,host_diet,type of diet depending on the host; for animals omnivore; herbivore etc.; for humans high-fat; meditteranean etc.; can include multiple diet types,0,1,0,0,0,1,1,1,1,1,1,0,0,0,0,0,0,0
host_disease_stat,host disease stat,,MIxS,package,miscellaneous,alphanumeric,host_disease_stat,list of diseases with which the host has been diagnosed; can include multiple diagnoses. the value of the field depends on host; for humans the terms should be chosen from DO (Disease Ontology) at http://www.disease-ontology.org; other hosts are free text,0,1,0,0,0,1,1,1,1,1,1,0,0,1,0,0,0,0
host_dry_mass,host dry mass,,MIxS,package,miscellaneous,alphanumeric,host_dry_mass,measurement of dry mass,0,1,0,0,0,1,0,0,0,0,0,0,0,1,0,0,0,0
host_family_relationship,host family relationship,,MIxS,package,miscellaneous,alphanumeric,host_family_relationship,relationships to other hosts in the same study; can include multiple relationships,0,1,0,0,0,1,1,1,1,1,1,0,0,0,0,0,0,0
host_genotype,host genotype,,MIxS,package,miscellaneous,alphanumeric,host_genotype,observed genotype,0,1,0,0,0,1,1,1,1,1,1,0,0,1,0,0,0,0
host_growth_cond,host growth conditions,,MIxS,package,miscellaneous,alphanumeric,host_growth_cond;host_growth_conditions,literature reference giving growth conditions of the host,0,1,0,0,0,1,0,0,0,0,0,0,0,0,0,0,0,0
host_height,host height,,MIxS,package,miscellaneous,alphanumeric,host_height,the height of subject,0,1,0,0,0,1,1,1,1,1,1,0,0,1,0,0,0,0
host_hiv_stat,host hiv status,,MIxS,package,miscellaneous,alphanumeric,host_hiv_stat;host_hiv_status,HIV status of subject; if yes HAART initiation status should also be indicated as [YES or NO],0,1,0,0,0,0,1,0,0,0,0,0,0,0,0,0,0,0
host_infra_specific_name,host infra-specific name,,MIxS,package,miscellaneous,alphanumeric,host_infra_specific_name,taxonomic information about the host below subspecies level,0,1,0,0,0,1,0,0,0,0,0,0,0,1,0,0,0,0
host_infra_specific_rank,host infra-specific rank,,MIxS,package,miscellaneous,alphanumeric,host_infra_specific_rank,taxonomic rank information about the host below subspecies level; such as variety; form; rank etc.,0,1,0,0,0,1,0,0,0,0,0,0,0,1,0,0,0,0
host_last_meal,host last meal,,MIxS,package,miscellaneous,alphanumeric,host_last_meal,content of last meal and time since feeding; can include multiple values,0,1,0,0,0,1,1,1,1,1,1,0,0,0,0,0,0,0
host_length,host length,,MIxS,package,miscellaneous,alphanumeric,host_length,the length of subject,0,1,0,0,0,1,0,0,0,0,0,0,0,1,0,0,0,0
host_life_stage,host life stage,,MIxS,package,miscellaneous,alphanumeric,host_life_stage,description of life stage of host,0,1,0,0,0,1,0,0,0,0,0,0,0,1,0,0,0,0
host_occupation,host occupation,,MIxS,package,miscellaneous,alphanumeric,host_occupation,most frequent job performed by subject,0,1,0,0,0,0,1,1,1,1,1,0,0,0,0,0,0,0
host_phenotype,host phenotype,,MIxS,package,miscellaneous,alphanumeric,host_phenotype,phenotype of host. For Phenotypic quality Ontology (PATO) (v 2013-10-28) terms; please see http://purl.bioontology.org/ontology/PATO,0,1,0,0,0,1,1,1,1,1,1,0,0,1,0,0,0,0
host_pulse,host pulse,,MIxS,package,miscellaneous,alphanumeric,host_pulse,resting pulse; measured as beats per minute,0,1,0,0,0,0,1,1,1,1,1,0,0,0,0,0,0,0
host_sex,host sex,,MIxS,package,miscellaneous,alphanumeric,host_sex,physical sex of the host,0,1,0,0,0,1,1,1,1,1,1,0,0,0,0,0,0,0
host_shape,host shape,,MIxS,package,miscellaneous,alphanumeric,host_shape,morphological shape of host ,0,1,0,0,0,1,0,0,0,0,0,0,0,0,0,0,0,0
host_subject_id,host subject id,,MIxS,package,miscellaneous,alphanumeric,host_subject_id,a unique identifier by which each subject can be referred to; de-identified; e.g. #131,0,1,0,0,0,1,1,1,1,1,1,0,0,0,0,0,0,0
host_substrate,host substrate,,MIxS,package,miscellaneous,alphanumeric,host_substrate,the growth substrate of the host ,0,1,0,0,0,1,0,0,0,0,0,0,0,0,0,0,0,0
host_taxid,host taxid,,MIxS,package,miscellaneous,alphanumeric,host_taxid,NCBI taxon id of the host; e.g. 9606,0,1,0,0,0,1,0,0,0,0,0,0,0,1,0,0,0,0
host_tot_mass,host tot mass,,MIxS,package,miscellaneous,alphanumeric,host_tot_mass,total mass of the host at collection; the unit depends on host,0,1,0,0,0,1,1,1,1,1,1,0,0,1,0,0,0,0
host_wet_mass,host wet mass,,MIxS,package,miscellaneous,alphanumeric,host_wet_mass,measurement of wet mass,0,1,0,0,0,0,0,0,0,0,0,0,0,1,0,0,0,0
hrt,hrt,,MIxS,package,miscellaneous,alphanumeric,hrt,whether subject had hormone replacement theraphy; and if yes start date,0,1,0,0,0,0,0,0,0,0,1,0,0,0,0,0,0,0
humidity,humidity,,MIxS,package,miscellaneous,alphanumeric,humidity,amount of water vapour in the air; at the time of sampling,0,1,0,1,0,0,0,0,0,0,0,0,0,0,0,0,0,0
humidity_regm,humidity regime,,MIxS,package,miscellaneous,alphanumeric,humidity_regm;humidity_regime,information about treatment involving an exposure to varying degree of humidity; information about treatment involving use of growth hormones; should include amount of humidity administered; treatment duration; interval and total experimental duration; can include multiple regimens,0,1,0,0,0,0,0,0,0,0,0,0,0,1,0,0,0,0
hysterectomy,hysterectomy,,MIxS,package,miscellaneous,alphanumeric,hysterectomy,specification of whether hysterectomy was performed,0,1,0,0,0,0,0,0,0,0,1,0,0,0,0,0,0,0
ihmc_ethnicity,ihmc ethnicity,,MIxS,package,miscellaneous,alphanumeric,ihmc_ethnicity,ethnicity of the subject,0,1,0,0,0,0,1,1,1,1,1,0,0,0,0,0,0,0
ihmc_medication_code,ihmc medication code,,MIxS,package,miscellaneous,alphanumeric,ihmc_medication_code,can include multiple medication codes,0,1,0,0,0,0,1,1,1,1,1,0,0,0,0,0,0,0
indoor_space,indoor space,,MIxS,package,miscellaneous,alphanumeric,indoor_space,a distinguishable space within a structure; the purpose for which discrete areas of a building is used,0,1,0,0,1,0,0,0,0,0,0,0,0,0,0,0,0,0
indoor_surf,indoor surf,,MIxS,package,miscellaneous,alphanumeric,indoor_surf,type of indoor surface,0,1,0,0,1,0,0,0,0,0,0,0,0,0,0,0,0,0
indust_eff_percent,indust eff percent,,MIxS,package,miscellaneous,alphanumeric,indust_eff_percent,percentage of industrial effluents received by wastewater treatment plant,0,1,0,0,0,0,0,0,0,0,0,0,0,0,0,0,1,0
inorg_particles,inorganic particles,,MIxS,package,miscellaneous,alphanumeric,inorg_particles;inorganic_particles,concentration of particles such as sand; grit; metal particles; ceramics; etc.; can include multiple particles,0,1,0,0,0,0,0,0,0,0,0,0,0,0,0,0,1,0
kidney_disord,kidney disord,,MIxS,package,miscellaneous,alphanumeric,kidney_disord,history of kidney disorders; can include multiple disorders,0,1,0,0,0,0,1,0,0,0,0,0,0,0,0,0,0,0
light_intensity,light intensity,,MIxS,package,miscellaneous,alphanumeric,light_intensity,measurement of light intensity,0,1,0,0,0,0,0,0,0,0,0,0,0,0,0,0,0,1
light_type,light type,,MIxS,package,miscellaneous,alphanumeric,light_type,application of light to achieve some practical or aesthetic effect. Lighting includes the use of both artificial light sources such as lamps and light fixtures; as well as natural illumination by capturing daylight. Can also include absence of light,0,1,0,0,1,0,0,0,0,0,0,0,0,0,0,0,0,0
link_addit_analys,link addit analys,,MIxS,package,miscellaneous,alphanumeric,link_addit_analys,link to additional analysis results performed on the sample,0,1,0,0,0,0,0,0,0,0,0,0,0,0,0,1,0,0
link_class_info,link class info,,MIxS,package,miscellaneous,alphanumeric,link_class_info,link to digitized soil maps or other soil classification information,0,1,0,0,0,0,0,0,0,0,0,0,0,0,0,1,0,0
link_climate_info,link climate info,,MIxS,package,miscellaneous,alphanumeric,link_climate_info,link to climate resource,0,1,0,0,0,0,0,0,0,0,0,0,0,0,0,1,0,0
liver_disord,liver disord,,MIxS,package,miscellaneous,alphanumeric,liver_disord,history of liver disorders; can include multiple disorders,0,1,0,0,0,0,0,1,0,0,0,0,0,0,0,0,0,0
local_class,local class,,MIxS,package,miscellaneous,alphanumeric,local_class,soil classification based on local soil classification system,0,1,0,0,0,0,0,0,0,0,0,0,0,0,0,1,0,0
local_class_meth,local class method,,MIxS,package,miscellaneous,alphanumeric,local_class_meth;local_class_method,reference or method used in determining the local soil classification ,0,1,0,0,0,0,0,0,0,0,0,0,0,0,0,1,0,0
magnesium,magnesium,,MIxS,package,miscellaneous,alphanumeric,magnesium,concentration of magnesium,0,1,0,0,0,0,0,0,0,0,0,1,0,0,1,0,0,1
maternal_health_stat,maternal health status,,MIxS,package,miscellaneous,alphanumeric,maternal_health_stat;maternal_health_status,specification of the maternal health status,0,1,0,0,0,0,1,0,0,0,0,0,0,0,0,0,0,0
mean_frict_vel,mean frict vel,,MIxS,package,miscellaneous,alphanumeric,mean_frict_vel,measurement of mean friction velocity,0,1,0,0,0,0,0,0,0,0,0,1,0,0,1,0,0,1
mean_peak_frict_vel,mean peak frict vel,,MIxS,package,miscellaneous,alphanumeric,mean_peak_frict_vel,measurement of mean peak friction velocity,0,1,0,0,0,0,0,0,0,0,0,1,0,0,1,0,0,1
mechanical_damage,mechanical damage,,MIxS,package,miscellaneous,alphanumeric,mechanical_damage,information about any mechanical damage exerted on the plant; can include multiple damages and sites,0,1,0,0,0,0,0,0,0,0,0,0,0,1,0,0,0,0
medic_hist_perform,medic hist perform,,MIxS,package,miscellaneous,alphanumeric,medic_hist_perform,whether full medical history was collected,0,1,0,0,0,0,1,1,1,1,1,0,0,0,0,0,0,0
menarche,menarche,,MIxS,package,miscellaneous,alphanumeric,menarche,date of most recent menstruation,0,1,0,0,0,0,0,0,0,0,1,0,0,0,0,0,0,0
menopause,menopause,,MIxS,package,miscellaneous,alphanumeric,menopause,date of onset of menopause,0,1,0,0,0,0,0,0,0,0,1,0,0,0,0,0,0,0
methane,methodane,,MIxS,package,miscellaneous,alphanumeric,methane,methane (gas) amount or concentration at the time of sampling,0,1,0,1,0,0,0,0,0,0,0,1,0,0,1,0,0,0
microbial_biomass,microbial biomass,,MIxS,package,miscellaneous,alphanumeric,microbial_biomass,the part of the organic matter in the soil that constitutes living microorganisms smaller than 5-10 micrometer. If you keep this; you would need to have correction factors used for conversion to the final units,0,1,0,0,0,0,0,0,0,0,0,0,0,0,0,1,0,0
microbial_biomass_meth,microbial biomass method,,MIxS,package,miscellaneous,alphanumeric,microbial_biomass_meth;microbial_biomass_method,reference or method used in determining microbial biomass,0,1,0,0,0,0,0,0,0,0,0,0,0,0,0,1,0,0
mineral_nutr_regm,mineral nutr regime,,MIxS,package,miscellaneous,alphanumeric,mineral_nutr_regm;mineral_nutr_regime,information about treatment involving the use of mineral supplements; should include the name of mineral nutrient; amount administered; treatment duration; interval and total experimental duration; can include multiple mineral nutrient regimens,0,1,0,0,0,0,0,0,0,0,0,0,0,1,0,0,0,0
misc_param,miscellaneous parameter,dynamicProperties,MIxS,package,miscellaneous,alphanumeric,misc_param;miscellaneous_parameter,any other measurement performed or parameter collected; that is not listed here,0,1,0,1,1,1,1,1,1,1,1,1,1,1,1,1,1,1
n_alkanes,n alkanes,,MIxS,package,miscellaneous,alphanumeric,n_alkanes,concentration of n-alkanes; can include multiple n-alkanes,0,1,0,0,0,0,0,0,0,0,0,1,0,0,1,0,0,1
nitrate,nitrate,,MIxS,package,miscellaneous,alphanumeric,nitrate;NO3,concentration of nitrate,0,1,0,0,0,0,0,0,0,0,0,1,1,0,1,0,1,1
nitrite,nitrite,,MIxS,package,miscellaneous,alphanumeric,nitrite;NO2,concentration of nitrite,0,1,0,0,0,0,0,0,0,0,0,1,1,0,1,0,0,1
nitro,nitrogen,,MIxS,package,miscellaneous,alphanumeric,nitro;nitrogen,concentration of nitrogen (total),0,1,0,0,0,0,0,0,0,0,0,1,1,0,1,0,0,1
non_mineral_nutr_regm,non mineral nutr regime,,MIxS,package,miscellaneous,alphanumeric,non_mineral_nutr_regm;non_mineral_nutr_regime,information about treatment involving the exposure of plant to non-mineral nutrient such as oxygen; hydrogen or carbon; should include the name of non-mineral nutrient; amount administered; treatment duration; interval and total experimental duration; can include multiple non-mineral nutrient regimens,0,1,0,0,0,0,0,0,0,0,0,0,0,1,0,0,0,0
nose_mouth_teeth_throat_disord,nose mouth teeth throat disord,,MIxS,package,miscellaneous,alphanumeric,nose_mouth_teeth_throat_disord,history of nose/mouth/teeth/throat disorders; can include multiple disorders,0,1,0,0,0,0,0,0,1,0,0,0,0,0,0,0,0,0
nose_throat_disord,nose throat disord,,MIxS,package,miscellaneous,alphanumeric,nose_throat_disord,history of nose-throat disorders; can include multiple disorders,0,1,0,0,0,0,1,0,0,0,0,0,0,0,0,0,0,0
occup_samp,occup samp,,MIxS,package,miscellaneous,alphanumeric,occup_samp,number of occupants present at time of sample within the given space,0,1,0,0,1,0,0,0,0,0,0,0,0,0,0,0,0,0
occupant_dens_samp,occupant dens samp,,MIxS,package,miscellaneous,alphanumeric,occupant_dens_samp,average number of occupants at time of sampling per square footage,0,1,0,0,1,0,0,0,0,0,0,0,0,0,0,0,0,0
org_carb,organic carbon,,MIxS,package,miscellaneous,alphanumeric,org_carb;organic_carbon;organic_C;org_carb;carbon;total_organic_carbon,concentration of organic carbon,0,1,0,0,0,0,0,0,0,0,0,1,1,0,1,0,0,1
org_matter,organic matter,,MIxS,package,miscellaneous,alphanumeric,org_matter;organic_matter,concentration of organic matter ,0,1,0,0,0,0,0,0,0,0,0,1,1,0,1,0,0,1
org_nitro,organic nitrogen,,MIxS,package,miscellaneous,alphanumeric,org_nitro;organic_nitrogen,concentration of organic nitrogen,0,1,0,0,0,0,0,0,0,0,0,1,1,0,1,0,0,1
org_particles,organic particles,,MIxS,package,miscellaneous,alphanumeric,org_particles;organic_particles,concentration of particles such as faeces; hairs; food; vomit; paper fibers; plant material; humus; etc.,0,1,0,0,0,0,0,0,0,0,0,0,0,0,0,0,1,0
organism_count,organism count,,MIxS,package,miscellaneous,alphanumeric,organism_count,total count of any organism per gram or volume of sample; should include name of organism followed by count; can include multiple organism counts,0,1,0,1,1,1,1,1,1,1,1,1,1,1,1,1,1,1
oxy_stat_samp,oxygen status sample,,MIxS,package,miscellaneous,alphanumeric,oxy_stat_samp;oxygen_status_sample,oxygenation status of sample,0,1,0,1,1,1,1,1,1,1,1,1,1,1,1,1,1,1
oxygen,oxygen,,MIxS,package,miscellaneous,alphanumeric,oxygen,oxygen (gas) amount or concentration at the time of sampling,0,1,0,1,0,0,0,0,0,0,0,0,0,0,0,0,0,0
part_org_carb,particular organic carbon,,MIxS,package,miscellaneous,alphanumeric,part_org_carb;particular_organic_carbon,concentration of particulate organic carbon,0,1,0,0,0,0,0,0,0,0,0,1,0,0,1,0,0,1
part_org_nitro,particular organic nitrogen,,MIxS,package,miscellaneous,alphanumeric,part_org_nitro;particular_organic_nitrogen,concentration of particulate organic nitrogen,0,1,0,0,0,0,0,0,0,0,0,0,0,0,0,0,0,1
particle_class,particle class,,MIxS,package,miscellaneous,alphanumeric,particle_class,particles are classified; based on their size; into six general categories:clay; silt; sand; gravel; cobbles; and boulders; should include amount of particle preceded by the name of the particle type; can include multiple values,0,1,0,0,0,0,0,0,0,0,0,0,0,0,1,0,0,0
perturbation,perturbation,,MIxS,package,miscellaneous,alphanumeric,perturbation,type of perturbation; e.g. chemical administration; physical disturbance; etc.; coupled with time that perturbation occurred; can include multiple perturbation types,0,1,0,1,1,1,1,1,1,1,1,1,1,1,1,1,1,1
pesticide_regm,pesticide regime,,MIxS,package,miscellaneous,alphanumeric,pesticide_regm;pesticide_regime,information about treatment involving use of insecticides; should include the name of pesticide; amount administered; treatment duration; interval and total experimental duration; can include multiple pesticide regimens,0,1,0,0,0,0,0,0,0,0,0,0,0,1,0,0,0,0
pet_farm_animal,pet farm animal,,MIxS,package,miscellaneous,alphanumeric,pet_farm_animal,specification of presence of pets or farm animals in the environment of subject; if yes the animals should be specified; can include multiple animals present,0,1,0,0,0,0,1,0,0,0,0,0,0,0,0,0,0,0
petroleum_hydrocarb,petroleum hydrocarbon,,MIxS,package,miscellaneous,alphanumeric,petroleum_hydrocarb,concentration of petroleum hydrocarbon,0,1,0,0,0,0,0,0,0,0,0,1,0,0,1,0,0,1
ph,ph,,MIxS,package,miscellaneous,log(H+),ph,pH measurement,0,1,0,0,0,0,0,0,0,0,0,1,1,0,1,1,1,1
ph_meth,ph method,,MIxS,package,miscellaneous,alphanumeric,ph_meth;ph_method,reference or method used in determining pH,0,1,0,0,0,0,0,0,0,0,0,0,0,0,0,1,0,0
ph_regm,ph regime,,MIxS,package,miscellaneous,alphanumeric,ph_regm;ph_regime,information about treatment involving exposure of plants to varying levels of pH of the growth media; can include multiple regimen,0,1,0,0,0,0,0,0,0,0,0,0,0,1,0,0,0,0
phaeopigments,phaeopigments,,MIxS,package,miscellaneous,alphanumeric,phaeopigments,concentration of phaeopigments; can include multiple phaeopigments,0,1,0,0,0,0,0,0,0,0,0,1,0,0,1,0,0,1
phosphate,phosphorhate,,MIxS,package,miscellaneous,alphanumeric,phosphate,concentration of phosphate,0,1,0,0,0,0,0,0,0,0,0,1,1,0,1,0,1,1
phosplipid_fatt_acid,phosphorlipid fatt acid,,MIxS,package,miscellaneous,alphanumeric,phosplipid_fatt_acid,concentration of phospholipid fatty acids; can include multiple values,0,1,0,0,0,0,0,0,0,0,0,1,1,0,1,0,0,1
photon_flux,photon flux,,MIxS,package,miscellaneous,alphanumeric,photon_flux,measurement of photon flux,0,1,0,0,0,0,0,0,0,0,0,0,0,0,0,0,0,1
plant_body_site,plant body site,,MIxS,package,miscellaneous,alphanumeric,plant_body_site,name of body site that the sample was obtained from. For Plant Ontology (PO) (v 20) terms; see http://purl.bioontology.org/ontology/PO,0,1,0,0,0,0,0,0,0,0,0,0,0,1,0,0,0,0
plant_product,plant product,,MIxS,package,miscellaneous,alphanumeric,plant_product,substance produced by the plant; where the sample was obtained from,0,1,0,0,0,0,0,0,0,0,0,0,0,1,0,0,0,0
pollutants,pollutants,,MIxS,package,miscellaneous,alphanumeric,pollutants,pollutant types and; amount or concentrations measured at the time of sampling; can report multiple pollutants by entering numeric values preceded by name of pollutant,0,1,0,1,0,0,0,0,0,0,0,0,0,0,0,0,0,0
pool_dna_extracts,pool dna extracts,,MIxS,package,miscellaneous,alphanumeric,pool_dna_extracts,were multiple DNA extractions mixed? how many?,0,1,0,0,0,0,0,0,0,0,0,0,0,0,0,1,0,0
porosity,porosity,,MIxS,package,miscellaneous,alphanumeric,porosity,porosity of deposited sediment is volume of voids divided by the total volume of sample,0,1,0,0,0,0,0,0,0,0,0,0,0,0,1,0,0,0
potassium,potassium,,MIxS,package,miscellaneous,alphanumeric,potassium,concentration of potassium ,0,1,0,0,0,0,0,0,0,0,0,0,1,0,1,0,0,1
pre_treatment,pre treatment,,MIxS,package,miscellaneous,alphanumeric,pre_treatment,the process of pre-treatment removes materials that can be easily collected from the raw wastewater,0,1,0,0,0,0,0,0,0,0,0,0,0,0,0,0,1,0
pregnancy,pregnancy,,MIxS,package,miscellaneous,alphanumeric,pregnancy,date due of pregnancy,0,1,0,0,0,0,0,0,0,0,1,0,0,0,0,0,0,0
pressure,pressure,,MIxS,package,miscellaneous,alphanumeric,pressure,pressure to which the sample is subject; in atmospheres,0,1,0,0,0,0,0,0,0,0,0,1,1,0,1,0,0,1
previous_land_use,previous land use,,MIxS,package,miscellaneous,alphanumeric,previous_land_use,previous land use and dates,0,1,0,0,0,0,0,0,0,0,0,0,0,0,0,1,0,0
previous_land_use_meth,previous land use method,,MIxS,package,miscellaneous,alphanumeric,previous_land_use_meth;previous_land_use_method,reference or method used in determining previous land use and dates,0,1,0,0,0,0,0,0,0,0,0,0,0,0,0,1,0,0
primary_prod,primary production,,MIxS,package,miscellaneous,alphanumeric,primary_prod;primary_production,measurement of primary production ,0,1,0,0,0,0,0,0,0,0,0,0,0,0,0,0,0,1
primary_treatment,primary treatment,,MIxS,package,miscellaneous,alphanumeric,primary_treatment,the process to produce both a generally homogeneous liquid capable of being treated biologically and a sludge that can be separately treated or processed,0,1,0,0,0,0,0,0,0,0,0,0,0,0,0,0,1,0
profile_position,profile position,,MIxS,package,miscellaneous,alphanumeric,profile_position,cross-sectional position in the hillslope where sample was collected.sample area position in relation to surrounding areas,0,1,0,0,0,0,0,0,0,0,0,0,0,0,0,1,0,0
pulmonary_disord,pulmonary disord,,MIxS,package,miscellaneous,alphanumeric,pulmonary_disord,history of pulmonary disorders; can include multiple disorders,0,1,0,0,0,0,1,0,0,0,0,0,0,0,0,0,0,0
radiation_regm,radiation regime,,MIxS,package,miscellaneous,alphanumeric,radiation_regm;radiation_regime,information about treatment involving exposure of plant or a plant part to a particular radiation regimen; should include the radiation type; amount or intensity administered; treatment duration; interval and total experimental duration; can include multiple radiation regimens,0,1,0,0,0,0,0,0,0,0,0,0,0,1,0,0,0,0
rainfall_regm,rainfall regime,,MIxS,package,miscellaneous,alphanumeric,rainfall_regm;rainfall_regime,information about treatment involving an exposure to a given amount of rainfall; can include multiple regimens,0,1,0,0,0,0,0,0,0,0,0,0,0,1,0,0,0,0
reactor_type,reactor type,,MIxS,package,miscellaneous,alphanumeric,reactor_type,anaerobic digesters can be designed and engineered to operate using a number of different process configurations; as batch or continuous; mesophilic; high solid or low solid; and single stage or multistage,0,1,0,0,0,0,0,0,0,0,0,0,0,0,0,0,1,0
redox_potential,redox potential,,MIxS,package,miscellaneous,alphanumeric,redox_potential,redox potential; measured relative to a hydrogen cell; indicating oxidation or reduction potential,0,1,0,0,0,0,0,0,0,0,0,1,0,0,1,0,0,1
rel_air_humidity,relative air humidity,,MIxS,package,miscellaneous,alphanumeric,rel_air_humidity;relative_air_humidity,partial vapor and air pressure; density of the vapor and air; or by the actual mass of the vapor and air,0,1,0,0,1,0,0,0,0,0,0,0,0,0,0,0,0,0
resp_part_matter,resp part matter,,MIxS,package,miscellaneous,alphanumeric,resp_part_matter,concentration of substances that remain suspended in the air; and comprise mixtures of organic and inorganic substances (PM10 and PM2.5); can report multiple PM's by entering numeric values preceded by name of PM,0,1,0,1,0,0,0,0,0,0,0,0,0,0,0,0,0,0
salinity,salinity,,MIxS,package,miscellaneous,alphanumeric,salinity,salinity measurement,0,1,0,0,0,0,0,0,0,0,0,1,1,0,1,0,0,1
salinity_meth,salinity method,,MIxS,package,miscellaneous,alphanumeric,salinity_meth;salinity_method,reference or method used in determining salinity,0,1,0,0,0,0,0,0,0,0,0,0,0,0,0,1,0,0
salt_regm,salt regime,,MIxS,package,miscellaneous,alphanumeric,salt_regm;salt_regime,information about treatment involving use of salts as supplement to liquid and soil growth media; should include the name of salt; amount administered; treatment duration; interval and total experimental duration; can include multiple salt regimens,0,1,0,0,0,0,0,0,0,0,0,0,0,1,0,0,0,0
samp_salinity,samp salinity,,MIxS,package,miscellaneous,alphanumeric,samp_salinity,salinity of sample; i.e. measure of total salt concentration,0,1,0,1,0,1,1,1,1,1,1,0,0,1,0,0,1,0
samp_sort_meth,samp sort method,,MIxS,package,miscellaneous,alphanumeric,samp_sort_meth;samp_sort_method,method by which samples are sorted,0,1,0,0,1,0,0,0,0,0,0,0,0,0,0,0,0,0
samp_store_dur,samp store dur,,MIxS,package,miscellaneous,alphanumeric,samp_store_dur;sample_storage_duration,duration for which sample was stored,0,1,0,1,0,1,1,1,1,1,1,1,1,1,1,1,1,1
samp_store_loc,samp store loc,,MIxS,package,miscellaneous,alphanumeric,samp_store_loc;sample_storage_location,location at which sample was stored; usually name of a specific freezer/room,0,1,0,1,0,1,1,1,1,1,1,1,1,1,1,1,1,1
samp_store_temp,samp store temp,,MIxS,package,miscellaneous,degreesCelcius,samp_store_temp;sample_storage_temperature,temperature at which sample was stored; e.g. -80 degree Celsius,0,1,0,1,0,1,1,1,1,1,1,1,1,1,1,1,1,1
samp_vol_we_dna_ext,samp vol we dna ext,,MIxS,package,miscellaneous,alphanumeric,samp_vol_we_dna_ext;sample_weight_for_dna_extraction;sample_volume_for_dna_extraction;sample_weight_or_volume_for_dna_extraction,volume (mL) or weight (g) of sample processed for DNA extraction,0,1,0,1,0,1,1,1,1,1,1,1,1,1,1,1,1,1
season_environment,season environment,,MIxS,package,miscellaneous,alphanumeric,season_environment,treatment involving an exposure to a particular season (e.g. winter; summer; rabi; rainy etc.),0,1,0,0,0,0,0,0,0,0,0,0,0,1,0,0,0,0
secondary_treatment,secondary treatment,,MIxS,package,miscellaneous,alphanumeric,secondary_treatment,the process for substantially degrading the biological content of the sewage ,0,1,0,0,0,0,0,0,0,0,0,0,0,0,0,0,1,0
sediment_type,sediment type,,MIxS,package,miscellaneous,alphanumeric,sediment_type,information about the sediment type based on major constituents,0,1,0,0,0,0,0,0,0,0,0,0,0,0,1,0,0,0
sewage_type,sewage type,,MIxS,package,miscellaneous,alphanumeric,sewage_type,type of wastewater treatment plant as municipial or industrial,0,1,0,0,0,0,0,0,0,0,0,0,0,0,0,0,1,0
sexual_act,sexual act,,MIxS,package,miscellaneous,alphanumeric,sexual_act,current sexual partner and frequency of sex,0,1,0,0,0,0,0,0,0,0,1,0,0,0,0,0,0,0
sieving,sieving,,MIxS,package,miscellaneous,alphanumeric,sieving,collection design of pooled samples and/or sieve size and amount of sample sieved ,0,1,0,0,0,0,0,0,0,0,0,0,0,0,0,1,0,0
silicate,silicate,,MIxS,package,miscellaneous,alphanumeric,silicate,concentration of silicate,0,1,0,0,0,0,0,0,0,0,0,1,1,0,1,0,0,1
slope_aspect,slope aspect,,MIxS,package,miscellaneous,alphanumeric,slope_aspect,the direction a slope faces. While looking down a slope use a compass to record the direction you are facing (direction or degrees); e.g.; NW or 315 degrees. This measure provides an indication of sun and wind exposure that will influence soil temperature and evapotranspiration.,0,1,0,0,0,0,0,0,0,0,0,0,0,0,0,1,0,0
slope_gradient,slope gradient,,MIxS,package,miscellaneous,alphanumeric,slope_gradient,commonly called 'slope'. The angle between ground surface and a horizontal line (in percent). This is the direction that overland water would flow. This measure is usually taken with a hand level meter or clinometer,0,1,0,0,0,0,0,0,0,0,0,0,0,0,0,1,0,0
sludge_retent_time,sludge retent time,,MIxS,package,miscellaneous,alphanumeric,sludge_retent_time,the time activated sludge remains in reactor,0,1,0,0,0,0,0,0,0,0,0,0,0,0,0,0,1,0
smoker,smoker,,MIxS,package,miscellaneous,alphanumeric,smoker,specification of smoking status,0,1,0,0,0,0,1,0,0,0,0,0,0,0,0,0,0,0
sodium,sodium,,MIxS,package,miscellaneous,alphanumeric,sodium,sodium concentration,0,1,0,0,0,0,0,0,0,0,0,1,1,0,1,0,1,1
soil_type,soil type,,MIxS,package,miscellaneous,alphanumeric,soil_type,soil series name or other lower-level classification,0,1,0,0,0,0,0,0,0,0,0,0,0,0,0,1,0,0
soil_type_meth,soil type method,,MIxS,package,miscellaneous,alphanumeric,soil_type_meth;soil_type_method,reference or method used in determining soil series name or other lower-level classification,0,1,0,0,0,0,0,0,0,0,0,0,0,0,0,1,0,0
solar_irradiance,solar irradiance,,MIxS,package,miscellaneous,alphanumeric,solar_irradiance,the amount of solar energy that arrives at a specific area of a surface during a specific time interval,0,1,0,1,0,0,0,0,0,0,0,0,0,0,0,0,0,0
soluble_inorg_mat,soluble inorganic material,,MIxS,package,miscellaneous,alphanumeric,soluble_inorg_mat;soluble_inorganic_material,concentration of substances such as ammonia; road-salt; sea-salt; cyanide; hydrogen sulfide; thiocyanates; thiosulfates; etc.,0,1,0,0,0,0,0,0,0,0,0,0,0,0,0,0,1,0
soluble_org_mat,soluble organic material,,MIxS,package,miscellaneous,alphanumeric,soluble_org_mat;soluble_organic_material,concentration of substances such as urea; fruit sugars; soluble proteins; drugs; pharmaceuticals; etc.,0,1,0,0,0,0,0,0,0,0,0,0,0,0,0,0,1,0
soluble_react_phosp,soluble reactive phosphor,,MIxS,package,miscellaneous,alphanumeric,soluble_react_phosp;soluble_reactive_phosphor,concentration of soluble reactive phosphorus,0,1,0,0,0,0,0,0,0,0,0,0,0,0,0,0,0,1
space_typ_state,space type state,,MIxS,package,miscellaneous,alphanumeric,space_typ_state,customary or normal state of the space,0,1,0,0,1,0,0,0,0,0,0,0,0,0,0,0,0,0
special_diet,special diet,,MIxS,package,miscellaneous,alphanumeric,special_diet,specification of special diet; can include multiple special diets,0,1,0,0,0,0,0,1,0,0,0,0,0,0,0,0,0,0
standing_water_regm,standing water regime,,MIxS,package,miscellaneous,alphanumeric,standing_water_regm;standing_water_regime,treatment involving an exposure to standing water during a plant's life span; types can be flood water or standing water; can include multiple regimens,0,1,0,0,0,0,0,0,0,0,0,0,0,1,0,0,0,0
store_cond,storeage conditions,,MIxS,package,miscellaneous,alphanumeric,store_cond;storeage_conditions,explain how and for how long the soil sample was stored before DNA extraction.,0,1,0,0,0,0,0,0,0,0,0,0,0,0,0,1,0,0
study_complt_stat,study complt stat,,MIxS,package,miscellaneous,alphanumeric,study_complt_stat,specification of study completion status; if no the reason should be specified,0,1,0,0,0,0,1,0,0,0,0,0,0,0,0,0,0,0
substructure_type,substructure type,,MIxS,package,miscellaneous,alphanumeric,substructure_type,the substructure or under building is that largely hidden section of the building which is built off the foundations to the ground floor level,0,1,0,0,1,0,0,0,0,0,0,0,0,0,0,0,0,0
sulfate,sulfate,,MIxS,package,miscellaneous,alphanumeric,sulfate,concentration of sulfate,0,1,0,0,0,0,0,0,0,0,0,1,1,0,1,0,0,1
sulfide,sulfide,,MIxS,package,miscellaneous,alphanumeric,sulfide,concentration of sulfide,0,1,0,0,0,0,0,0,0,0,0,1,1,0,1,0,0,1
surf_air_cont,surface air conditions,,MIxS,package,miscellaneous,alphanumeric,surf_air_cont;surface_air_conditions,contaminant identified on surface,0,1,0,0,1,0,0,0,0,0,0,0,0,0,0,0,0,0
surf_humidity,surface humidity,,MIxS,package,miscellaneous,alphanumeric,surf_humidity;surface_humidity,surfaces: water activity as a function of air and material moisture,0,1,0,0,1,0,0,0,0,0,0,0,0,0,0,0,0,0
surf_material,surface material,,MIxS,package,miscellaneous,alphanumeric,surf_material;surface_material,surface materials at the point of sampling,0,1,0,0,1,0,0,0,0,0,0,0,0,0,0,0,0,0
surf_moisture,surface moisture,,MIxS,package,miscellaneous,alphanumeric,surf_moisture;surface_moisture,water held on a surface,0,1,0,0,1,0,0,0,0,0,0,0,0,0,0,0,0,0
surf_moisture_ph,surface moisture ph,,MIxS,package,miscellaneous,alphanumeric,surf_moisture_ph;surface_moisture_ph,pH measurement of surface,0,1,0,0,1,0,0,0,0,0,0,0,0,0,0,0,0,0
surf_temp,surface temperature,,MIxS,package,miscellaneous,degreesCelcius,surf_temp;surface_temperature,temperature of the surface at the time of sampling,0,1,0,0,1,0,0,0,0,0,0,0,0,0,0,0,0,0
suspend_part_matter,suspend particular matter,,MIxS,package,miscellaneous,alphanumeric,suspend_part_matter;suspend_particular_matter,concentration of suspended particulate matter,0,1,0,0,0,0,0,0,0,0,0,0,0,0,0,0,0,1
suspend_solids,suspend solids,,MIxS,package,miscellaneous,alphanumeric,suspend_solids,concentration of substances including a wide variety of material; such as silt; decaying plant and animal matter; etc;; can include multiple substances,0,1,0,0,0,0,0,0,0,0,0,0,0,0,0,0,1,0
temp,temperature,,MIxS,package,miscellaneous,degreesCelcius,temp;temperature;temp_c;temperature_c;tempc;temperaturec,temperature of the sample at time of sampling,0,1,0,1,0,1,1,1,1,1,1,1,1,1,1,1,1,1
tertiary_treatment,tertiary treatment,,MIxS,package,miscellaneous,alphanumeric,tertiary_treatment,the process providing a final treatment stage to raise the effluent quality before it is discharged to the receiving environment,0,1,0,0,0,0,0,0,0,0,0,0,0,0,0,0,1,0
texture,texture,,MIxS,package,miscellaneous,alphanumeric,texture,the relative proportion of different grain sizes of mineral particles in a soil; as described using a standard system; express as % sand (50 um to 2 mm); silt (2 um to 50 um); and clay (<2 um) with textural name (e.g.; silty clay loam) optional.,0,1,0,0,0,0,0,0,0,0,0,0,0,0,0,1,0,0
texture_meth,texture method,,MIxS,package,miscellaneous,alphanumeric,texture_meth;texture_method,reference or method used in determining soil texture,0,1,0,0,0,0,0,0,0,0,0,0,0,0,0,1,0,0
tidal_stage,tidal stage,,MIxS,package,miscellaneous,alphanumeric,tidal_stage,stage of tide,0,1,0,0,0,0,0,0,0,0,0,0,0,0,1,0,0,1
tillage,tillage,,MIxS,package,miscellaneous,alphanumeric,tillage,note method(s) used for tilling,0,1,0,0,0,0,0,0,0,0,0,0,0,0,0,1,0,0
time_last_toothbrush,time last toothbrush,,MIxS,package,miscellaneous,alphanumeric,time_last_toothbrush,specification of the time since last toothbrushing,0,1,0,0,0,0,0,0,1,0,0,0,0,0,0,0,0,0
time_since_last_wash,time since last wash,,MIxS,package,miscellaneous,alphanumeric,time_since_last_wash,specification of the time since last wash,0,1,0,0,0,0,0,0,0,1,0,0,0,0,0,0,0,0
tiss_cult_growth_med,tissue culture growth method,,MIxS,package,miscellaneous,alphanumeric,tiss_cult_growth_med;tissue_culture_growth_method,description of plant tissue culture growth media used,0,1,0,0,0,0,0,0,0,0,0,0,0,1,0,0,0,0
tot_carb,total carbon,,MIxS,package,miscellaneous,alphanumeric,tot_carb;total_carbon,total carbon content,0,1,0,0,0,0,0,0,0,0,0,1,0,0,1,0,0,0
tot_depth_water_col,total depth water column,,MIxS,package,miscellaneous,alphanumeric,tot_depth_water_col;total_depth_water_column,measurement of total depth of water column,0,1,0,0,0,0,0,0,0,0,0,0,0,0,0,0,0,1
tot_diss_nitro,total dissolved nitrogen,,MIxS,package,miscellaneous,alphanumeric,tot_diss_nitro;total_dissolved_nitrogen,total dissolved nitrogen concentration; reported as nitrogen; measured by: total dissolved nitrogen = NH4 + NO3NO2 + dissolved organic nitrogen,0,1,0,0,0,0,0,0,0,0,0,0,0,0,0,0,0,1
tot_inorg_nitro,total inorganic nitrogen,,MIxS,package,miscellaneous,alphanumeric,tot_inorg_nitro;total_inorganic_nitrogen,total inorganic nitrogen content,0,1,0,0,0,0,0,0,0,0,0,0,0,0,0,0,0,1
tot_n_meth,total nitrogen method,,MIxS,package,miscellaneous,alphanumeric,tot_n_meth;total_nitrogen_method,reference or method used in determining the total nitrogen,0,1,0,0,0,0,0,0,0,0,0,0,0,0,0,1,0,0
tot_nitro,total nitrogen,,MIxS,package,miscellaneous,alphanumeric,tot_nitro;total_nitrogen,total nitrogen content of the sample,0,1,0,0,0,0,0,0,0,0,0,1,0,0,1,1,1,1
tot_org_c_meth,total organic carbon method,,MIxS,package,miscellaneous,alphanumeric,tot_org_c_meth;total_organic_carbon_method,reference or method used in determining total organic carbon,0,1,0,0,0,0,0,0,0,0,0,0,0,0,0,1,0,0
tot_org_carb,total organic carbon,,MIxS,package,miscellaneous,alphanumeric,tot_org_carb;total_organic_carbon,Definition for soil: total organic carbon content of the soil; definition otherwise: total organic carbon content,0,1,0,0,0,0,0,0,0,0,0,1,0,0,1,1,0,0
tot_phosp,total phosphor,,MIxS,package,miscellaneous,alphanumeric,tot_phosp;total_phosphor,total phosphorus concentration; calculated by: total phosphorus = total dissolved phosphorus + particulate phosphorus. Can also be measured without filtering; reported as phosphorus,0,1,0,0,0,0,0,0,0,0,0,0,0,0,0,0,0,1
tot_phosphate,total phosphorhate,,MIxS,package,miscellaneous,alphanumeric,tot_phosphate;total_phosphorhate,total amount or concentration of phosphate,0,1,0,0,0,0,0,0,0,0,0,0,0,0,0,0,1,0
travel_out_six_month,travel out six month,,MIxS,package,miscellaneous,alphanumeric,travel_out_six_month,specification of the countries travelled in the last six months; can include multiple travels,0,1,0,0,0,0,1,0,0,0,0,0,0,0,0,0,0,0
turbidity,turbidity,,MIxS,package,miscellaneous,alphanumeric,turbidity,turbidity measurement,0,1,0,0,0,0,0,0,0,0,0,1,0,0,1,0,0,0
twin_sibling,twin sibling,,MIxS,package,miscellaneous,alphanumeric,twin_sibling,specification of twin sibling presence,0,1,0,0,0,0,1,0,0,0,0,0,0,0,0,0,0,0
typ_occupant_dens,typ occupant dens,,MIxS,package,miscellaneous,alphanumeric,typ_occupant_dens,customary or normal density of occupants,0,1,0,0,1,0,0,0,0,0,0,0,0,0,0,0,0,0
urine_collect_meth,urine collect method,,MIxS,package,miscellaneous,alphanumeric,urine_collect_meth;urine_collect_method,specification of urine collection method,0,1,0,0,0,0,1,0,0,0,0,0,0,0,0,0,0,0
urogenit_disord,urogenit disord,,MIxS,package,miscellaneous,alphanumeric,urogenit_disord,history of urogenital disorders; can include multiple disorders,0,1,0,0,0,0,0,0,0,0,1,0,0,0,0,0,0,0
urogenit_tract_disor,urogenit tract disor,,MIxS,package,miscellaneous,alphanumeric,urogenit_tract_disor,history of urogenitaltract disorders; can include multiple disorders,0,1,0,0,0,0,1,0,0,0,0,0,0,0,0,0,0,0
ventilation_rate,ventilation rate,,MIxS,package,miscellaneous,alphanumeric,ventilation_rate,ventilation rate of the system in the sampled premises,0,1,0,1,0,0,0,0,0,0,0,0,0,0,0,0,0,0
ventilation_type,ventilation type,,MIxS,package,miscellaneous,alphanumeric,ventilation_type,ventilation system used in the sampled premises,0,1,0,1,1,0,0,0,0,0,0,0,0,0,0,0,0,0
volatile_org_comp,volatile organic compoundss,,MIxS,package,miscellaneous,alphanumeric,volatile_org_comp;volatile_organic_compoundss,concentration of carbon-based chemicals that easily evaporate at room temperature; can report multiple volatile organic compounds by entering numeric values preceded by name of compound,0,1,0,1,0,0,0,0,0,0,0,0,0,0,0,0,0,0
wastewater_type,wastewater type,,MIxS,package,miscellaneous,alphanumeric,wastewater_type,the origin of wastewater such as human waste; rainfall; storm drains; etc.,0,1,0,0,0,0,0,0,0,0,0,0,0,0,0,0,1,0
water_content,water content,,MIxS,package,miscellaneous,alphanumeric,water_content,water content measurement,0,1,0,0,0,0,0,0,0,0,0,1,0,0,1,1,0,0
water_content_soil_meth,water content soil method,,MIxS,package,miscellaneous,alphanumeric,water_content_soil_meth;water_content_soil_method,reference or method used in determining the water content of soil,0,1,0,0,0,0,0,0,0,0,0,0,0,0,0,1,0,0
water_current,water current,,MIxS,package,miscellaneous,alphanumeric,water_current,measurement of magnitude and direction of flow within a fluid,0,1,0,0,0,0,0,0,0,0,0,0,1,0,0,0,0,1
water_temp_regm,water temp regime,,MIxS,package,miscellaneous,degreesCelcius,water_temp_regm;water_temp_regime,information about treatment involving an exposure to water with varying degree of temperature; can include multiple regimens,0,1,0,0,0,0,0,0,0,0,0,0,0,1,0,0,0,0
watering_regm,watering regime,,MIxS,package,miscellaneous,alphanumeric,watering_regm;watering_regime,information about treatment involving an exposure to watering frequencies; can include multiple regimens,0,1,0,0,0,0,0,0,0,0,0,0,0,1,0,0,0,0
weight_loss_3_month,weight loss 3 month,,MIxS,package,miscellaneous,alphanumeric,weight_loss_3_month,specification of weight loss in the last three months; if yes should be further specified to include amount of weight loss,0,1,0,0,0,0,1,0,0,0,0,0,0,0,0,0,0,0
wind_direction,wind direction,,MIxS,package,miscellaneous,alphanumeric,wind_direction,wind direction is the direction from which a wind originates,0,1,0,1,0,0,0,0,0,0,0,0,0,0,0,0,0,0
wind_speed,wind speed,,MIxS,package,miscellaneous,alphanumeric,wind_speed,speed of wind measured at the time of sampling,0,1,0,1,0,0,0,0,0,0,0,0,0,0,0,0,0,0
pcr_primers,pcr primers,,MIxS,sequencing,miscellaneous,alphanumeric,pcr_primers;primers;forward_primer;forwardprimer;reverse_primer;reverseprimer,PCR primers that were used to amplify the sequence of the targeted gene; locus or subfragment. This field should contain all the primers used for a single PCR reaction if multiple forward or reverse primers are present in a single PCR reaction. The primer sequence should be reported in uppercase letters,0,1,1,0,0,0,0,0,0,0,0,0,0,0,0,0,0,0
seq_meth,sequencing method,,MIxS,sequencing,miscellaneous,alphanumeric,seq_meth;Platform;sequencing_method;instrument_model,Sequencing method used; e.g. Sanger; pyrosequencing; ABI-solid,0,2,2,0,0,0,0,0,0,0,0,0,0,0,0,0,0,0
target_gene,target gene,,MIxS,sequencing,miscellaneous,alphanumeric,target_gene,Targeted gene or locus name for marker gene studies,0,1,1,0,0,0,0,0,0,0,0,0,0,0,0,0,0,0
target_subfragment,target subfragment,,MIxS,sequencing,miscellaneous,alphanumeric,target_subfragment,Name of subfragment of a gene or locus. Important to e.g. identify special regions on marker genes like V6 on 16S rRNA,0,1,1,0,0,0,0,0,0,0,0,0,0,0,0,0,0,0
adapters,adapters,,MIxS,sequencing,miscellaneous,alphanumeric,adapters,Adapters provide priming sequences for both amplification and sequencing of the sample-library fragments. Both adapters should be reported; in uppercase letters,0,1,1,0,0,0,0,0,0,0,0,0,0,0,0,0,0,0
annot_source,annotation source,,MIxS,sequencing,miscellaneous,alphanumeric,annot_source;annotation_source,For cases where annotation was provided by a community jamboree or model organism database rather than by a specific submitter,0,1,1,0,0,0,0,0,0,0,0,0,0,0,0,0,0,0
assembly,assembly,,MIxS,sequencing,miscellaneous,alphanumeric,assembly,How was the assembly done (e.g. with a text based assembler like phrap or a flowgram assembler); estimated error rate associated with the finished sequences (e.g. error rate of 1 in 1000 bp); and the method of calculation,0,1,1,0,0,0,0,0,0,0,0,0,0,0,0,0,0,0
assembly_name,assembly name,,MIxS,sequencing,miscellaneous,alphanumeric,assembly_name,Name/version of the assembly provided by the submitter that is used in the genome browsers and in the community,0,1,1,0,0,0,0,0,0,0,0,0,0,0,0,0,0,0
chimera_check,chimera check,,MIxS,sequencing,miscellaneous,alphanumeric,chimera_check;chimeracheck,A chimeric sequence; or chimera for short; is a sequence comprised of two or more phylogenetically distinct parent sequences. Chimeras are usually PCR artifacts thought to occur when a prematurely terminated amplicon reanneals to a foreign DNA strand and is copied to completion in the following PCR cycles. The point at which the chimeric sequence changes from one parent to the next is called the breakpoint or conversion point ,0,1,1,0,0,0,0,0,0,0,0,0,0,0,0,0,0,0
finishing_strategy,finishing strategy,,MIxS,sequencing,miscellaneous,alphanumeric,finishing_strategy;finishingstrategy,Was the genome project intended to produce a complete or draft genome; Coverage; the fold coverage of the sequencing expressed as 2x; 3x; 18x  etc; and how many contigs were produced for the genome,0,1,1,0,0,0,0,0,0,0,0,0,0,0,0,0,0,0
lib_const_meth,library const method,,MIxS,sequencing,miscellaneous,alphanumeric,lib_const_meth;library_const_method,Library construction method used for clone libraries,0,1,1,0,0,0,0,0,0,0,0,0,0,0,0,0,0,0
lib_reads_seqd,library reads seqd,,MIxS,sequencing,miscellaneous,alphanumeric,lib_reads_seqd;library_reads_sequenced;number_of_spots_in_sra,Total number of clones sequenced from the library,0,1,1,0,0,0,0,0,0,0,0,0,0,0,0,0,0,0
lib_screen,library screen,,MIxS,sequencing,miscellaneous,alphanumeric,lib_screen,Specific enrichment or screening methods applied before and/or after creating clone libraries,0,1,1,0,0,0,0,0,0,0,0,0,0,0,0,0,0,0
lib_size,library size,,MIxS,sequencing,miscellaneous,alphanumeric,lib_size;library_size,Total number of clones in the library prepared for the project,0,1,1,0,0,0,0,0,0,0,0,0,0,0,0,0,0,0
lib_vector,library vector,,MIxS,sequencing,miscellaneous,alphanumeric,lib_vector;library_vector,Cloning vector type(s) used in construction of libraries,0,1,1,0,0,0,0,0,0,0,0,0,0,0,0,0,0,0
mid,multiplex identifiers,,MIxS,sequencing,miscellaneous,alphanumeric,mid;multiplex_ident_1;multiplex_identifiers,Molecular barcodes; called Multiplex Identifiers (MIDs); that are used to specifically tag unique samples in a sequencing run. Sequence should be reported in uppercase letters,0,1,1,0,0,0,0,0,0,0,0,0,0,0,0,0,0,0
nucl_acid_amp,nucl acid amp,,MIxS,sequencing,miscellaneous,alphanumeric,nucl_acid_amp,Link to a literature reference; electronic resource or a standard operating procedure (SOP),0,1,1,0,0,0,0,0,0,0,0,0,0,0,0,0,0,0
nucl_acid_ext,nucl acid ext,,MIxS,sequencing,miscellaneous,alphanumeric,nucl_acid_ext,Link to a literature reference; electronic resource or a standard operating procedure (SOP),0,1,1,0,0,0,0,0,0,0,0,0,0,0,0,0,0,0
pcr_cond,pcr cond,,MIxS,sequencing,miscellaneous,alphanumeric,pcr_cond,Description of reaction conditions and components for PCR in the form of  'initial denaturation:94degC_1.5min; annealing=...',0,1,1,0,0,0,0,0,0,0,0,0,0,0,0,0,0,0
seq_quality_check,seq quality check,,MIxS,sequencing,miscellaneous,alphanumeric,seq_quality_check,Indicate if the sequence has been called by automatic systems (none) or undergone a manual editing procedure (e.g. by inspecting the raw data or chromatograms). Applied only for sequences that are not submitted to SRA;ENA or DRA,0,1,1,0,0,0,0,0,0,0,0,0,0,0,0,0,0,0
sop,sop,,MIxS,sequencing,miscellaneous,alphanumeric,sop,Standard operating procedures used in assembly and/or annotation of genomes; metagenomes or environmental sequences,0,1,1,0,0,0,0,0,0,0,0,0,0,0,0,0,0,0
url,url,,MIxS,sequencing,miscellaneous,alphanumeric,url;download_path;url_data_repository,relevant electronic resources,0,1,1,0,0,0,0,0,0,0,0,0,0,0,0,0,0,0